"authors","citations"
1,1486
1,506
1,475
1,241
1,205
1,198
1,181
1,169
1,163
1,145
1,143
1,135
1,118
1,109
1,108
1,105
1,103
1,102
1,95
1,87
1,84
1,77
1,75
1,75
1,72
1,69
1,68
1,68
1,67
1,65
1,64
1,63
1,62
1,55
1,55
1,55
1,54
1,52
1,47
1,43
1,40
1,38
1,37
1,36
1,36
1,36
1,35
1,35
1,34
1,34
1,33
1,32
1,31
1,31
1,31
1,30
1,30
1,30
1,29
1,29
1,28
1,28
1,28
1,27
1,27
1,27
1,27
1,27
1,26
1,25
1,25
1,24
1,24
1,24
1,22
1,22
1,22
1,22
1,22
1,21
1,21
1,21
1,20
1,20
1,20
1,19
1,19
1,18
1,18
1,18
1,18
1,18
1,17
1,16
1,16
1,16
1,16
1,16
1,16
1,16
1,14
1,14
1,14
1,14
1,14
1,14
1,13
1,13
1,12
1,12
1,12
1,12
1,12
1,11
1,11
1,11
1,11
1,11
1,11
1,11
1,11
1,10
1,9
1,9
1,9
1,9
1,9
1,8
1,7
1,7
1,6
1,6
1,6
1,6
1,6
1,6
1,6
1,6
1,6
1,6
1,5
1,5
1,5
1,5
1,5
1,4
1,4
1,4
1,4
1,4
1,4
1,4
1,4
1,3
1,3
1,3
1,3
1,2
1,2
1,2
1,2
1,1
1,1
1,1
1,1
1,1
1,1
1,1
1,1
1,1
1,0
1,0
1,0
1,0
1,0
1,0
1,0
1,0
1,0
1,0
1,0
1,0
1,0
1,0
1,0
1,0
1,0
1,0
1,0
1,0
1,0
1,0
1,0
1,0
2,13
2,8
2,7
2,5
2,4
2,3
2,3
2,2
2,2
2,2
2,2
2,1
2,1
2,1
2,0
2,0
2,0
2,0
2,0
3,309
3,146
3,126
3,84
3,75
3,73
3,73
3,73
3,57
3,57
3,56
3,56
3,51
3,39
3,39
3,35
3,27
3,25
3,25
3,23
3,23
3,22
3,22
3,21
3,20
3,20
3,19
3,19
3,18
3,17
3,16
3,16
3,16
3,15
3,14
3,14
3,13
3,12
3,11
3,10
3,10
3,10
3,8
3,8
3,7
3,7
3,7
3,6
3,6
3,6
3,6
3,6
3,6
3,5
3,5
3,5
3,5
3,5
3,5
3,5
3,5
3,5
3,4
3,3
3,3
3,3
3,3
3,3
3,3
3,3
3,2
3,2
3,2
3,2
3,2
3,2
3,2
3,1
3,1
3,1
3,1
3,1
3,1
3,1
3,1
3,1
3,0
3,0
3,0
3,0
3,0
3,0
3,0
3,0
3,0
4,176
4,105
4,92
4,87
4,44
4,43
4,35
4,30
4,29
4,29
4,29
4,27
4,26
4,26
4,24
4,23
4,22
4,22
4,22
4,19
4,18
4,17
4,16
4,15
4,14
4,11
4,11
4,10
4,10
4,8
4,8
4,7
4,7
4,7
4,7
4,6
4,6
4,6
4,6
4,6
4,5
4,5
4,5
4,5
4,4
4,4
4,3
4,3
4,2
4,1
4,1
4,1
4,1
4,1
4,0
4,0
4,0
4,0
4,0
4,0
4,0
4,0
4,0
4,0
4,0
4,0
4,0
4,0
4,0
4,0
4,0
4,0
4,0
4,0
4,0
4,0
5,51
5,45
5,42
5,29
5,25
5,18
5,17
5,17
5,16
5,16
5,16
5,15
5,15
5,11
5,9
5,9
5,5
5,4
5,4
5,3
5,2
5,2
5,2
5,2
5,1
5,0
5,0
5,0
5,0
6,72
6,71
6,71
6,66
6,57
6,38
6,37
6,36
6,32
6,31
6,29
6,27
6,26
6,25
6,25
6,25
6,24
6,22
6,21
6,19
6,19
6,18
6,17
6,17
6,17
6,16
6,16
6,16
6,15
6,14
6,14
6,13
6,13
6,13
6,13
6,13
6,13
6,12
6,11
6,11
6,10
6,10
6,10
6,10
6,10
6,10
6,9
6,9
6,8
6,8
6,8
6,7
6,6
6,6
6,6
6,6
6,6
6,5
6,5
6,4
6,4
6,4
6,4
6,4
6,4
6,4
6,3
6,3
6,3
6,3
6,3
6,3
6,3
6,3
6,3
6,2
6,2
6,2
6,2
6,2
6,2
6,2
6,1
6,1
6,1
6,1
6,1
6,1
6,1
6,1
6,1
6,0
6,0
6,0
6,0
6,0
6,0
6,0
6,0
6,0
6,0
6,0
6,0
6,0
6,0
6,0
6,0
6,0
6,0
6,0
6,0
6,0
6,0
6,0
6,0
6,0
6,0
7,39
7,37
7,21
7,14
7,13
7,7
7,5
7,4
7,3
7,2
7,0
7,0
8,46
8,41
8,29
8,24
8,15
8,14
8,14
8,13
8,13
8,11
8,10
8,9
8,8
8,6
8,6
8,5
8,5
8,4
8,4
8,4
8,3
8,3
8,2
8,2
8,1
8,1
8,1
8,1
8,1
8,1
8,0
8,0
8,0
8,0
8,0
8,0
8,0
8,0
8,0
8,0
8,0
8,0
8,0
8,0
9,129
9,75
9,32
9,29
9,26
9,24
9,21
9,21
9,21
9,19
9,19
9,17
9,17
9,16
9,15
9,15
9,14
9,14
9,14
9,13
9,13
9,13
9,12
9,12
9,11
9,11
9,10
9,10
9,10
9,9
9,9
9,8
9,8
9,8
9,7
9,7
9,7
9,7
9,7
9,7
9,6
9,6
9,6
9,5
9,5
9,5
9,5
9,4
9,4
9,4
9,4
9,4
9,4
9,4
9,4
9,4
9,4
9,4
9,3
9,3
9,3
9,3
9,3
9,3
9,2
9,2
9,2
9,2
9,2
9,2
9,2
9,1
9,1
9,1
9,1
9,1
9,1
9,1
9,1
9,1
9,1
9,1
9,1
9,1
9,1
9,0
9,0
9,0
9,0
9,0
9,0
9,0
9,0
9,0
9,0
9,0
9,0
9,0
9,0
9,0
9,0
9,0
9,0
9,0
9,0
9,0
9,0
9,0
9,0
9,0
9,0
9,0
9,0
9,0
9,0
9,0
9,0
9,0
9,0
9,0
9,0
9,0
9,0
9,0
9,0
9,0
9,0
9,0
9,0
9,0
9,0
9,0
9,0
10,576
10,503
10,492
10,392
10,323
10,260
10,214
10,188
10,182
10,146
10,141
10,112
10,105
10,105
10,101
10,95
10,93
10,89
10,89
10,86
10,81
10,77
10,76
10,75
10,73
10,71
10,68
10,67
10,64
10,60
10,59
10,56
10,56
10,52
10,51
10,51
10,51
10,50
10,48
10,45
10,45
10,43
10,42
10,42
10,41
10,41
10,41
10,41
10,40
10,40
10,39
10,39
10,39
10,38
10,36
10,35
10,35
10,33
10,32
10,32
10,32
10,31
10,31
10,31
10,30
10,30
10,30
10,29
10,29
10,29
10,28
10,28
10,28
10,28
10,28
10,28
10,27
10,27
10,27
10,27
10,27
10,27
10,27
10,27
10,26
10,26
10,26
10,26
10,25
10,25
10,24
10,24
10,24
10,24
10,24
10,24
10,24
10,24
10,24
10,23
10,23
10,23
10,23
10,23
10,23
10,23
10,23
10,22
10,22
10,22
10,22
10,22
10,22
10,22
10,22
10,22
10,22
10,22
10,22
10,21
10,21
10,21
10,21
10,20
10,20
10,20
10,20
10,20
10,20
10,20
10,19
10,19
10,19
10,19
10,19
10,19
10,18
10,18
10,18
10,18
10,18
10,18
10,18
10,18
10,18
10,17
10,17
10,17
10,17
10,17
10,17
10,17
10,16
10,16
10,16
10,16
10,16
10,16
10,16
10,16
10,16
10,15
10,15
10,15
10,15
10,15
10,15
10,15
10,15
10,15
10,15
10,15
10,15
10,15
10,15
10,15
10,15
10,15
10,14
10,14
10,14
10,14
10,14
10,14
10,14
10,14
10,14
10,14
10,14
10,14
10,14
10,13
10,13
10,13
10,13
10,13
10,13
10,13
10,13
10,13
10,13
10,13
10,12
10,12
10,12
10,12
10,12
10,12
10,12
10,12
10,12
10,12
10,12
10,12
10,12
10,12
10,12
10,12
10,12
10,12
10,12
10,12
10,12
10,11
10,11
10,11
10,11
10,11
10,11
10,11
10,11
10,11
10,11
10,11
10,11
10,11
10,11
10,11
10,11
10,11
10,11
10,11
10,10
10,10
10,10
10,10
10,10
10,10
10,10
10,10
10,10
10,10
10,10
10,10
10,10
10,10
10,10
10,10
10,10
10,10
10,10
10,10
10,10
10,10
10,10
10,10
10,10
10,9
10,9
10,9
10,9
10,9
10,9
10,9
10,9
10,9
10,9
10,9
10,9
10,9
10,9
10,9
10,9
10,9
10,9
10,9
10,9
10,9
10,9
10,9
10,9
10,9
10,9
10,9
10,9
10,9
10,9
10,8
10,8
10,8
10,8
10,8
10,8
10,8
10,8
10,8
10,8
10,8
10,8
10,8
10,8
10,8
10,8
10,8
10,8
10,8
10,8
10,8
10,8
10,8
10,8
10,8
10,8
10,8
10,8
10,8
10,8
10,8
10,8
10,8
10,8
10,8
10,8
10,8
10,8
10,8
10,8
10,8
10,8
10,7
10,7
10,7
10,7
10,7
10,7
10,7
10,7
10,7
10,7
10,7
10,7
10,7
10,7
10,7
10,7
10,7
10,7
10,7
10,7
10,7
10,7
10,7
10,7
10,7
10,7
10,7
10,7
10,7
10,7
10,7
10,7
10,7
10,7
10,7
10,7
10,7
10,7
10,7
10,7
10,7
10,7
10,7
10,7
10,7
10,7
10,7
10,7
10,7
10,6
10,6
10,6
10,6
10,6
10,6
10,6
10,6
10,6
10,6
10,6
10,6
10,6
10,6
10,6
10,6
10,6
10,6
10,6
10,6
10,6
10,6
10,6
10,6
10,6
10,6
10,6
10,6
10,6
10,6
10,6
10,6
10,6
10,6
10,6
10,6
10,6
10,6
10,6
10,6
10,6
10,6
10,6
10,5
10,5
10,5
10,5
10,5
10,5
10,5
10,5
10,5
10,5
10,5
10,5
10,5
10,5
10,5
10,5
10,5
10,5
10,5
10,5
10,5
10,5
10,5
10,5
10,5
10,5
10,5
10,5
10,5
10,5
10,5
10,5
10,5
10,5
10,5
10,5
10,5
10,5
10,5
10,5
10,5
10,5
10,5
10,5
10,5
10,5
10,5
10,5
10,5
10,5
10,5
10,5
10,5
10,5
10,5
10,5
10,5
10,5
10,4
10,4
10,4
10,4
10,4
10,4
10,4
10,4
10,4
10,4
10,4
10,4
10,4
10,4
10,4
10,4
10,4
10,4
10,4
10,4
10,4
10,4
10,4
10,4
10,4
10,4
10,4
10,4
10,4
10,4
10,4
10,4
10,4
10,4
10,4
10,4
10,4
10,4
10,4
10,4
10,4
10,4
10,4
10,4
10,4
10,4
10,4
10,4
10,4
10,4
10,4
10,4
10,4
10,4
10,4
10,4
10,4
10,4
10,4
10,4
10,4
10,4
10,4
10,4
10,4
10,4
10,4
10,4
10,4
10,4
10,3
10,3
10,3
10,3
10,3
10,3
10,3
10,3
10,3
10,3
10,3
10,3
10,3
10,3
10,3
10,3
10,3
10,3
10,3
10,3
10,3
10,3
10,3
10,3
10,3
10,3
10,3
10,3
10,3
10,3
10,3
10,3
10,3
10,3
10,3
10,3
10,3
10,3
10,3
10,3
10,3
10,3
10,3
10,3
10,3
10,3
10,3
10,3
10,3
10,3
10,3
10,3
10,3
10,3
10,3
10,3
10,3
10,3
10,3
10,3
10,3
10,3
10,3
10,3
10,3
10,3
10,3
10,3
10,3
10,3
10,3
10,3
10,3
10,3
10,3
10,3
10,3
10,3
10,3
10,3
10,3
10,3
10,3
10,3
10,2
10,2
10,2
10,2
10,2
10,2
10,2
10,2
10,2
10,2
10,2
10,2
10,2
10,2
10,2
10,2
10,2
10,2
10,2
10,2
10,2
10,2
10,2
10,2
10,2
10,2
10,2
10,2
10,2
10,2
10,2
10,2
10,2
10,2
10,2
10,2
10,2
10,2
10,2
10,2
10,2
10,2
10,2
10,2
10,2
10,2
10,2
10,2
10,2
10,2
10,2
10,2
10,2
10,2
10,2
10,2
10,2
10,2
10,2
10,2
10,2
10,2
10,2
10,2
10,2
10,2
10,2
10,2
10,2
10,2
10,2
10,2
10,2
10,2
10,2
10,2
10,2
10,2
10,2
10,2
10,2
10,2
10,2
10,2
10,2
10,2
10,2
10,2
10,2
10,2
10,2
10,2
10,2
10,2
10,2
10,2
10,2
10,2
10,2
10,2
10,2
10,2
10,2
10,2
10,2
10,2
10,2
10,2
10,2
10,2
10,2
10,2
10,2
10,2
10,2
10,2
10,2
10,2
10,2
10,2
10,2
10,2
10,2
10,2
10,2
10,2
10,2
10,2
10,2
10,2
10,2
10,2
10,2
10,2
10,2
10,2
10,2
10,2
10,2
10,2
10,2
10,2
10,2
10,1
10,1
10,1
10,1
10,1
10,1
10,1
10,1
10,1
10,1
10,1
10,1
10,1
10,1
10,1
10,1
10,1
10,1
10,1
10,1
10,1
10,1
10,1
10,1
10,1
10,1
10,1
10,1
10,1
10,1
10,1
10,1
10,1
10,1
10,1
10,1
10,1
10,1
10,1
10,1
10,1
10,1
10,1
10,1
10,1
10,1
10,1
10,1
10,1
10,1
10,1
10,1
10,1
10,1
10,1
10,1
10,1
10,1
10,1
10,1
10,1
10,1
10,1
10,1
10,1
10,1
10,1
10,1
10,1
10,1
10,1
10,1
10,1
10,1
10,1
10,1
10,1
10,1
10,1
10,1
10,1
10,1
10,1
10,1
10,1
10,1
10,1
10,1
10,1
10,1
10,1
10,1
10,1
10,1
10,1
10,1
10,1
10,1
10,1
10,1
10,1
10,1
10,1
10,1
10,1
10,1
10,1
10,1
10,1
10,1
10,1
10,1
10,1
10,1
10,1
10,1
10,1
10,1
10,1
10,1
10,1
10,1
10,1
10,1
10,1
10,1
10,1
10,1
10,1
10,1
10,1
10,1
10,1
10,1
10,1
10,1
10,1
10,1
10,1
10,1
10,1
10,1
10,1
10,1
10,1
10,1
10,1
10,1
10,1
10,1
10,1
10,1
10,1
10,1
10,1
10,1
10,1
10,1
10,1
10,1
10,1
10,1
10,1
10,1
10,1
10,1
10,1
10,1
10,1
10,1
10,1
10,1
10,1
10,1
10,1
10,1
10,1
10,1
10,1
10,1
10,1
10,1
10,1
10,1
10,1
10,1
10,1
10,1
10,1
10,1
10,1
10,1
10,1
10,1
10,1
10,1
10,1
10,1
10,1
10,1
10,1
10,1
10,1
10,1
10,1
10,1
10,1
10,1
10,1
10,1
10,1
10,1
10,1
10,1
10,1
10,1
10,1
10,1
10,1
10,1
10,1
10,1
10,1
10,1
10,1
10,1
10,1
10,1
10,1
10,1
10,1
10,1
10,1
10,1
10,1
10,1
10,0
10,0
10,0
10,0
10,0
10,0
10,0
10,0
10,0
10,0
10,0
10,0
10,0
10,0
10,0
10,0
10,0
10,0
10,0
10,0
10,0
10,0
10,0
10,0
10,0
10,0
10,0
10,0
10,0
10,0
10,0
10,0
10,0
10,0
10,0
10,0
10,0
10,0
10,0
10,0
10,0
10,0
10,0
10,0
10,0
10,0
10,0
10,0
10,0
10,0
10,0
10,0
10,0
10,0
10,0
10,0
10,0
10,0
10,0
10,0
10,0
10,0
10,0
10,0
10,0
10,0
10,0
10,0
10,0
10,0
10,0
10,0
10,0
10,0
10,0
10,0
10,0
10,0
10,0
10,0
10,0
10,0
10,0
10,0
10,0
10,0
10,0
10,0
10,0
10,0
10,0
10,0
10,0
10,0
10,0
10,0
10,0
10,0
10,0
10,0
10,0
10,0
10,0
10,0
10,0
10,0
10,0
10,0
10,0
10,0
10,0
10,0
10,0
10,0
10,0
10,0
10,0
10,0
10,0
10,0
10,0
10,0
10,0
10,0
10,0
10,0
10,0
10,0
10,0
10,0
10,0
10,0
10,0
10,0
10,0
10,0
10,0
10,0
10,0
10,0
10,0
10,0
10,0
10,0
10,0
10,0
10,0
10,0
10,0
10,0
10,0
10,0
10,0
10,0
10,0
10,0
10,0
10,0
10,0
10,0
10,0
10,0
10,0
10,0
10,0
10,0
10,0
10,0
10,0
10,0
10,0
10,0
10,0
10,0
10,0
10,0
10,0
10,0
10,0
10,0
10,0
10,0
10,0
10,0
10,0
10,0
10,0
10,0
10,0
10,0
10,0
10,0
10,0
10,0
10,0
10,0
10,0
10,0
10,0
10,0
10,0
10,0
10,0
10,0
10,0
10,0
10,0
10,0
10,0
10,0
10,0
10,0
10,0
10,0
10,0
10,0
10,0
10,0
10,0
10,0
10,0
10,0
10,0
10,0
10,0
10,0
10,0
10,0
10,0
10,0
10,0
10,0
10,0
10,0
10,0
10,0
10,0
10,0
10,0
10,0
10,0
10,0
10,0
10,0
10,0
10,0
10,0
10,0
10,0
10,0
10,0
10,0
10,0
10,0
10,0
10,0
10,0
10,0
10,0
10,0
10,0
10,0
10,0
10,0
10,0
10,0
10,0
10,0
10,0
10,0
10,0
10,0
10,0
10,0
10,0
10,0
10,0
10,0
10,0
10,0
10,0
10,0
10,0
10,0
10,0
10,0
10,0
10,0
10,0
10,0
10,0
10,0
10,0
10,0
10,0
10,0
10,0
10,0
10,0
10,0
10,0
10,0
10,0
10,0
10,0
10,0
10,0
10,0
10,0
10,0
10,0
10,0
10,0
10,0
10,0
10,0
10,0
10,0
10,0
10,0
10,0
10,0
10,0
10,0
10,0
10,0
10,0
10,0
10,0
10,0
10,0
10,0
10,0
10,0
10,0
10,0
10,0
10,0
10,0
10,0
10,0
10,0
10,0
10,0
10,0
10,0
10,0
10,0
10,0
10,0
10,0
10,0
10,0
10,0
10,0
10,0
10,0
10,0
10,0
10,0
10,0
10,0
10,0
10,0
10,0
10,0
10,0
10,0
10,0
10,0
10,0
10,0
10,0
10,0
10,0
10,0
10,0
10,0
10,0
10,0
10,0
10,0
10,0
10,0
10,0
10,0
10,0
10,0
10,0
10,0
10,0
10,0
10,0
10,0
10,0
10,0
10,0
10,0
10,0
10,0
10,0
10,0
10,0
10,0
10,0
10,0
10,0
10,0
10,0
10,0
10,0
10,0
10,0
10,0
10,0
10,0
10,0
10,0
10,0
10,0
10,0
10,0
10,0
10,0
10,0
10,0
10,0
10,0
10,0
10,0
10,0
10,0
10,0
10,0
10,0
10,0
10,0
10,0
10,0
10,0
10,0
10,0
10,0
10,0
10,0
10,0
10,0
10,0
10,0
10,0
10,0
10,0
10,0
10,0
10,0
10,0
10,0
10,0
10,0
10,0
10,0
10,0
10,0
10,0
10,0
10,0
10,0
10,0
10,0
10,0
10,0
10,0
10,0
10,0
10,0
10,0
10,0
10,0
10,0
10,0
10,0
10,0
10,0
10,0
10,0
10,0
10,0
10,0
10,0
10,0
10,0
10,0
10,0
10,0
10,0
10,0
10,0
10,0
10,0
10,0
10,0
10,0
10,0
10,0
10,0
10,0
10,0
10,0
10,0
10,0
10,0
10,0
10,0
10,0
10,0
10,0
10,0
10,0
10,0
10,0
10,0
10,0
10,0
10,0
10,0
10,0
10,0
10,0
10,0
10,0
10,0
10,0
10,0
10,0
10,0
10,0
10,0
10,0
10,0
10,0
10,0
10,0
10,0
10,0
10,0
10,0
10,0
10,0
10,0
10,0
10,0
10,0
10,0
10,0
10,0
10,0
10,0
10,0
10,0
10,0
10,0
10,0
10,0
10,0
10,0
10,0
10,0
10,0
10,0
10,0
10,0
10,0
10,0
10,0
10,0
10,0
10,0
10,0
10,0
10,0
10,0
10,0
10,0
10,0
10,0
10,0
10,0
10,0
10,0
10,0
10,0
10,0
10,0
10,0
10,0
10,0
10,0
10,0
10,0
10,0
10,0
10,0
10,0
10,0
10,0
10,0
10,0
10,0
10,0
10,0
10,0
10,0
10,0
10,0
10,0
10,0
10,0
10,0
10,0
10,0
10,0
10,0
10,0
10,0
10,0
10,0
10,0
10,0
10,0
10,0
10,0
10,0
10,0
10,0
10,0
10,0
10,0
10,0
10,0
10,0
10,0
10,0
10,0
10,0
10,0
10,0
10,0
10,0
10,0
10,0
10,0
10,0
10,0
10,0
10,0
10,0
10,0
10,0
10,0
10,0
10,0
10,0
10,0
10,0
10,0
10,0
10,0
10,0
10,0
10,0
10,0
10,0
10,0
10,0
10,0
10,0
10,0
10,0
10,0
10,0
10,0
10,0
10,0
10,0
10,0
10,0
10,0
10,0
10,0
10,0
10,0
10,0
10,0
10,0
10,0
10,0
10,0
10,0
10,0
10,0
10,0
10,0
10,0
10,0
10,0
10,0
10,0
10,0
10,0
10,0
10,0
10,0
10,0
10,0
10,0
10,0
10,0
10,0
10,0
10,0
10,0
10,0
10,0
10,0
10,0
10,0
10,0
10,0
10,0
10,0
10,0
10,0
10,0
10,0
10,0
10,0
10,0
10,0
10,0
10,0
10,0
10,0
10,0
10,0
10,0
10,0
10,0
10,0
10,0
10,0
10,0
10,0
10,0
10,0
10,0
10,0
10,0
10,0
10,0
10,0
10,0
10,0
10,0
10,0
10,0
10,0
10,0
10,0
10,0
10,0
10,0
10,0
10,0
10,0
10,0
10,0
10,0
10,0
10,0
10,0
10,0
10,0
10,0
10,0
10,0
10,0
10,0
10,0
10,0
10,0
10,0
10,0
10,0
10,0
10,0
10,0
10,0
10,0
10,0
10,0
10,0
10,0
10,0
10,0
10,0
10,0
10,0
10,0
10,0
10,0
10,0
10,0
10,0
10,0
10,0
10,0
10,0
10,0
10,0
10,0
10,0
10,0
10,0
10,0
10,0
10,0
10,0
10,0
10,0
10,0
10,0
10,0
10,0
10,0
10,0
10,0
10,0
10,0
10,0
10,0
10,0
10,0
10,0
10,0
10,0
10,0
10,0
10,0
10,0
10,0
10,0
10,0
10,0
10,0
10,0
10,0
10,0
10,0
10,0
10,0
10,0
10,0
10,0
10,0
10,0
10,0
10,0
10,0
10,0
10,0
10,0
10,0
10,0
10,0
10,0
10,0
10,0
10,0
10,0
10,0
10,0
10,0
10,0
10,0
10,0
10,0
10,0
10,0
10,0
10,0
10,0
10,0
10,0
10,0
10,0
10,0
10,0
10,0
10,0
10,0
10,0
10,0
10,0
10,0
10,0
10,0
10,0
10,0
10,0
10,0
10,0
10,0
10,0
10,0
10,0
10,0
10,0
10,0
10,0
10,0
10,0
10,0
10,0
10,0
10,0
10,0
10,0
10,0
10,0
10,0
10,0
10,0
10,0
10,0
10,0
10,0
10,0
10,0
10,0
10,0
10,0
10,0
10,0
10,0
10,0
10,0
10,0
10,0
10,0
10,0
10,0
10,0
10,0
10,0
10,0
10,0
10,0
10,0
10,0
10,0
10,0
10,0
10,0
10,0
10,0
10,0
10,0
10,0
10,0
10,0
10,0
10,0
10,0
10,0
10,0
10,0
10,0
10,0
10,0
10,0
10,0
10,0
10,0
10,0
10,0
10,0
10,0
10,0
10,0
10,0
10,0
10,0
10,0
10,0
10,0
10,0
10,0
10,0
10,0
10,0
10,0
10,0
10,0
10,0
10,0
10,0
10,0
10,0
10,0
10,0
10,0
10,0
10,0
10,0
10,0
10,0
10,0
10,0
10,0
10,0
10,0
10,0
10,0
10,0
10,0
10,0
10,0
10,0
10,0
10,0
10,0
10,0
10,0
10,0
10,0
10,0
10,0
10,0
10,0
10,0
10,0
10,0
10,0
10,0
10,0
10,0
10,0
10,0
10,0
10,0
10,0
10,0
10,0
10,0
10,0
10,0
10,0
10,0
10,0
10,0
10,0
10,0
10,0
10,0
10,0
10,0
10,0
10,0
10,0
10,0
10,0
10,0
10,0
10,0
10,0
10,0
10,0
10,0
10,0
10,0
10,0
10,0
10,0
10,0
10,0
10,0
10,0
10,0
10,0
10,0
10,0
10,0
10,0
10,0
10,0
10,0
10,0
10,0
10,0
10,0
10,0
10,0
10,0
10,0
10,0
10,0
10,0
10,0
10,0
10,0
10,0
10,0
10,0
10,0
10,0
10,0
10,0
10,0
10,0
10,0
10,0
10,0
10,0
10,0
10,0
10,0
10,0
10,0
10,0
10,0
10,0
10,0
10,0
10,0
10,0
10,0
10,0
10,0
10,0
10,0
10,0
10,0
10,0
10,0
10,0
10,0
10,0
10,0
10,0
10,0
10,0
10,0
10,0
10,0
10,0
10,0
10,0
10,0
10,0
10,0
10,0
10,0
10,0
10,0
10,0
10,0
10,0
10,0
10,0
10,0
10,0
10,0
10,0
10,0
10,0
10,0
10,0
10,0
10,0
10,0
10,0
10,0
10,0
10,0
10,0
10,0
10,0
10,0
10,0
10,0
10,0
10,0
10,0
10,0
10,0
10,0
10,0
10,0
10,0
10,0
10,0
10,0
10,0
10,0
10,0
10,0
10,0
10,0
10,0
10,0
10,0
10,0
10,0
10,0
10,0
10,0
10,0
10,0
10,0
10,0
10,0
10,0
10,0
10,0
10,0
10,0
10,0
10,0
10,0
10,0
10,0
10,0
10,0
10,0
10,0
10,0
10,0
10,0
10,0
10,0
10,0
10,0
10,0
10,0
10,0
10,0
10,0
10,0
10,0
10,0
10,0
10,0
10,0
10,0
10,0
10,0
10,0
10,0
10,0
10,0
10,0
10,0
10,0
10,0
10,0
10,0
10,0
10,0
10,0
10,0
10,0
10,0
10,0
10,0
10,0
10,0
10,0
10,0
10,0
10,0
10,0
10,0
10,0
10,0
10,0
10,0
10,0
10,0
10,0
10,0
10,0
10,0
10,0
10,0
10,0
10,0
10,0
10,0
10,0
10,0
10,0
10,0
10,0
10,0
10,0
10,0
10,0
10,0
10,0
10,0
10,0
10,0
10,0
10,0
10,0
10,0
10,0
10,0
10,0
10,0
10,0
10,0
10,0
10,0
10,0
10,0
10,0
10,0
10,0
10,0
10,0
10,0
10,0
10,0
10,0
10,0
10,0
10,0
10,0
10,0
10,0
10,0
10,0
10,0
10,0
10,0
10,0
10,0
10,0
10,0
10,0
10,0
10,0
10,0
10,0
10,0
10,0
10,0
10,0
10,0
10,0
10,0
10,0
10,0
10,0
10,0
10,0
10,0
10,0
10,0
10,0
10,0
10,0
10,0
10,0
10,0
10,0
10,0
10,0
10,0
10,0
10,0
10,0
10,0
10,0
10,0
10,0
10,0
10,0
10,0
10,0
10,0
10,0
10,0
10,0
10,0
10,0
10,0
10,0
10,0
10,0
10,0
10,0
10,0
10,0
10,0
10,0
10,0
10,0
10,0
10,0
10,0
10,0
10,0
10,0
10,0
10,0
10,0
10,0
10,0
10,0
10,0
10,0
10,0
10,0
10,0
10,0
10,0
10,0
10,0
10,0
10,0
10,0
10,0
10,0
10,0
10,0
10,0
10,0
10,0
10,0
10,0
10,0
10,0
10,0
10,0
10,0
10,0
10,0
10,0
10,0
10,0
10,0
10,0
10,0
10,0
10,0
10,0
10,0
10,0
10,0
10,0
10,0
10,0
10,0
10,0
10,0
10,0
10,0
10,0
10,0
10,0
10,0
10,0
10,0
10,0
10,0
10,0
10,0
10,0
10,0
10,0
10,0
10,0
10,0
10,0
10,0
10,0
10,0
10,0
10,0
10,0
10,0
10,0
10,0
10,0
10,0
10,0
10,0
10,0
10,0
10,0
10,0
10,0
10,0
10,0
10,0
10,0
10,0
10,0
10,0
10,0
10,0
10,0
10,0
10,0
10,0
10,0
10,0
10,0
10,0
10,0
10,0
10,0
10,0
10,0
10,0
10,0
10,0
10,0
10,0
10,0
10,0
10,0
10,0
10,0
10,0
10,0
10,0
10,0
10,0
10,0
10,0
10,0
10,0
10,0
10,0
10,0
10,0
10,0
10,0
10,0
10,0
10,0
10,0
10,0
10,0
10,0
10,0
10,0
10,0
10,0
10,0
10,0
10,0
10,0
10,0
10,0
10,0
10,0
10,0
10,0
10,0
10,0
10,0
10,0
10,0
10,0
10,0
10,0
10,0
10,0
10,0
10,0
10,0
10,0
10,0
10,0
10,0
10,0
10,0
10,0
10,0
10,0
10,0
10,0
10,0
10,0
10,0
10,0
10,0
10,0
10,0
10,0
10,0
10,0
10,0
10,0
10,0
10,0
10,0
10,0
10,0
10,0
10,0
10,0
10,0
10,0
10,0
10,0
10,0
10,0
10,0
10,0
10,0
10,0
10,0
10,0
10,0
10,0
10,0
10,0
10,0
10,0
10,0
10,0
10,0
10,0
10,0
10,0
10,0
10,0
10,0
10,0
10,0
10,0
10,0
10,0
10,0
10,0
10,0
10,0
10,0
10,0
10,0
10,0
10,0
10,0
10,0
10,0
10,0
10,0
10,0
10,0
10,0
10,0
10,0
10,0
10,0
10,0
10,0
10,0
10,0
10,0
10,0
10,0
10,0
10,0
10,0
10,0
10,0
10,0
10,0
10,0
10,0
10,0
10,0
10,0
10,0
10,0
10,0
10,0
10,0
10,0
10,0
10,0
10,0
10,0
10,0
10,0
10,0
10,0
10,0
10,0
10,0
10,0
10,0
10,0
10,0
10,0
10,0
10,0
10,0
10,0
10,0
10,0
10,0
10,0
10,0
10,0
10,0
10,0
10,0
10,0
10,0
10,0
10,0
10,0
10,0
10,0
10,0
10,0
10,0
10,0
10,0
10,0
10,0
10,0
10,0
10,0
10,0
10,0
10,0
10,0
10,0
10,0
10,0
10,0
10,0
10,0
10,0
10,0
10,0
10,0
10,0
10,0
10,0
10,0
10,0
10,0
10,0
10,0
10,0
10,0
10,0
10,0
10,0
10,0
10,0
10,0
10,0
10,0
10,0
10,0
10,0
10,0
10,0
10,0
10,0
10,0
10,0
10,0
10,0
10,0
10,0
10,0
10,0
10,0
10,0
10,0
10,0
10,0
10,0
10,0
10,0
10,0
10,0
10,0
10,0
10,0
10,0
10,0
10,0
10,0
10,0
10,0
10,0
10,0
10,0
10,0
10,0
10,0
10,0
10,0
10,0
10,0
10,0
10,0
10,0
10,0
10,0
10,0
10,0
10,0
10,0
10,0
10,0
10,0
10,0
10,0
10,0
10,0
10,0
10,0
10,0
10,0
10,0
10,0
10,0
10,0
10,0
10,0
10,0
10,0
10,0
10,0
10,0
10,0
10,0
10,0
10,0
10,0
10,0
10,0
10,0
10,0
10,0
10,0
10,0
10,0
10,0
10,0
10,0
10,0
10,0
10,0
10,0
10,0
10,0
10,0
10,0
10,0
10,0
10,0
10,0
10,0
10,0
10,0
10,0
10,0
10,0
10,0
10,0
10,0
10,0
10,0
10,0
10,0
10,0
10,0
10,0
10,0
10,0
10,0
10,0
10,0
10,0
10,0
10,0
10,0
10,0
10,0
10,0
10,0
10,0
10,0
10,0
10,0
10,0
10,0
10,0
10,0
10,0
10,0
10,0
10,0
10,0
10,0
10,0
10,0
10,0
10,0
10,0
10,0
10,0
10,0
10,0
10,0
10,0
10,0
10,0
10,0
10,0
10,0
10,0
10,0
10,0
10,0
10,0
10,0
10,0
10,0
10,0
10,0
10,0
10,0
10,0
10,0
10,0
10,0
10,0
10,0
10,0
10,0
10,0
10,0
10,0
10,0
10,0
10,0
10,0
10,0
10,0
10,0
10,0
10,0
10,0
10,0
10,0
10,0
10,0
10,0
10,0
10,0
10,0
10,0
10,0
10,0
11,28
11,28
11,27
11,20
11,20
11,16
11,15
11,15
11,14
11,12
11,11
11,11
11,11
11,9
11,8
11,8
11,7
11,4
11,3
11,3
11,3
11,3
11,2
11,2
11,2
11,1
11,1
11,1
11,1
11,1
11,0
11,0
11,0
11,0
11,0
12,59
12,39
12,35
12,30
12,30
12,30
12,22
12,22
12,21
12,19
12,16
12,11
12,10
12,9
12,8
12,7
12,7
12,7
12,6
12,6
12,4
12,4
12,4
12,4
12,4
12,3
12,2
12,2
12,2
12,1
12,1
12,1
12,1
12,1
12,0
12,0
12,0
12,0
12,0
12,0
12,0
12,0
12,0
12,0
12,0
12,0
12,0
12,0
12,0
13,257
13,82
13,43
13,41
13,40
13,31
13,28
13,25
13,23
13,23
13,17
13,16
13,15
13,12
13,12
13,11
13,9
13,8
13,8
13,8
13,6
13,5
13,5
13,5
13,4
13,4
13,4
13,2
13,2
13,1
13,1
13,1
13,1
13,1
13,0
13,0
13,0
13,0
13,0
13,0
13,0
13,0
13,0
13,0
13,0
13,0
13,0
13,0
14,41
14,39
14,33
14,30
14,30
14,20
14,14
14,13
14,11
14,11
14,11
14,11
14,10
14,10
14,10
14,9
14,9
14,9
14,9
14,8
14,8
14,8
14,7
14,7
14,7
14,6
14,5
14,5
14,5
14,5
14,4
14,3
14,3
14,3
14,2
14,2
14,1
14,1
14,1
15,337
15,288
15,245
15,245
15,215
15,169
15,136
15,131
15,121
15,116
15,116
15,109
15,78
15,77
15,74
15,70
15,70
15,68
15,65
15,59
15,53
15,41
15,39
15,37
15,36
15,36
15,35
15,35
15,34
15,33
15,28
15,27
15,26
15,25
15,25
15,25
15,25
15,24
15,24
15,24
15,23
15,23
15,22
15,21
15,20
15,20
15,19
15,19
15,19
15,18
15,17
15,17
15,16
15,16
15,15
15,14
15,14
15,14
15,13
15,13
15,13
15,12
15,11
15,10
15,8
15,8
15,8
15,8
15,6
15,5
15,5
15,4
15,4
15,4
15,4
15,3
15,3
15,3
15,3
15,3
15,2
15,2
15,2
15,1
15,1
15,0
15,0
15,0
15,0
15,0
15,0
15,0
15,0
15,0
15,0
15,0
15,0
15,0
15,0
15,0
15,0
15,0
15,0
15,0
15,0
15,0
15,0
15,0
15,0
15,0
15,0
15,0
15,0
15,0
15,0
15,0
15,0
15,0
16,159
16,131
16,129
16,129
16,87
16,80
16,49
16,43
16,41
16,38
16,33
16,33
16,30
16,28
16,27
16,27
16,26
16,25
16,22
16,21
16,20
16,20
16,19
16,19
16,19
16,19
16,18
16,17
16,17
16,15
16,14
16,14
16,14
16,14
16,13
16,13
16,13
16,13
16,12
16,12
16,12
16,12
16,12
16,11
16,10
16,10
16,10
16,10
16,9
16,8
16,7
16,7
16,7
16,7
16,6
16,6
16,6
16,5
16,5
16,5
16,4
16,3
16,3
16,3
16,3
16,3
16,3
16,3
16,3
16,3
16,2
16,2
16,2
16,2
16,2
16,2
16,2
16,2
16,2
16,2
16,1
16,1
16,1
16,1
16,1
16,1
16,1
16,1
16,1
16,1
16,1
16,1
16,0
16,0
16,0
16,0
16,0
16,0
16,0
16,0
16,0
16,0
16,0
16,0
16,0
16,0
16,0
16,0
16,0
16,0
16,0
16,0
16,0
16,0
16,0
16,0
16,0
16,0
16,0
16,0
16,0
16,0
16,0
16,0
16,0
16,0
16,0
16,0
16,0
16,0
16,0
16,0
16,0
16,0
16,0
16,0
16,0
16,0
16,0
16,0
16,0
16,0
17,46
17,44
17,35
17,34
17,34
17,32
17,29
17,29
17,24
17,22
17,19
17,18
17,15
17,15
17,15
17,15
17,11
17,9
17,8
17,8
17,7
17,7
17,6
17,5
17,4
17,2
17,2
17,1
17,1
17,0
17,0
17,0
17,0
17,0
17,0
17,0
17,0
17,0
17,0
17,0
17,0
18,15
18,12
18,7
18,4
18,3
18,2
18,1
18,0
19,24
19,16
19,14
19,13
19,9
19,8
19,8
19,8
19,8
19,7
19,5
19,5
19,4
19,4
19,4
19,4
19,3
19,3
19,2
19,1
19,1
19,1
19,1
19,0
19,0
19,0
19,0
19,0
19,0
19,0
19,0
19,0
19,0
19,0
19,0
19,0
20,59
20,9
20,8
20,6
20,4
20,4
20,2
20,2
20,1
20,0
21,4
21,4
21,4
21,4
21,3
21,2
21,2
21,1
21,0
21,0
21,0
22,162
22,97
22,37
22,31
22,25
22,25
22,23
22,20
22,20
22,16
22,14
22,12
22,11
22,11
22,7
22,7
22,7
22,5
22,3
22,2
22,2
22,2
22,1
22,1
22,1
22,1
22,0
22,0
22,0
22,0
22,0
22,0
22,0
22,0
22,0
22,0
22,0
22,0
22,0
22,0
22,0
23,330
23,327
23,213
23,73
23,58
23,50
23,47
23,44
23,40
23,38
23,30
23,29
23,28
23,22
23,21
23,20
23,20
23,20
23,19
23,19
23,19
23,18
23,18
23,16
23,15
23,14
23,14
23,14
23,13
23,13
23,12
23,11
23,11
23,10
23,9
23,9
23,8
23,7
23,7
23,6
23,6
23,6
23,5
23,5
23,5
23,5
23,4
23,4
23,4
23,4
23,4
23,3
23,3
23,3
23,3
23,3
23,2
23,2
23,2
23,2
23,1
23,1
23,1
23,1
23,1
23,1
23,1
23,1
23,1
23,1
23,1
23,1
23,1
23,0
23,0
23,0
23,0
23,0
23,0
23,0
23,0
23,0
23,0
23,0
23,0
23,0
24,84
24,83
24,64
24,63
24,61
24,54
24,53
24,46
24,43
24,38
24,38
24,33
24,32
24,32
24,30
24,30
24,25
24,25
24,24
24,21
24,18
24,17
24,16
24,14
24,13
24,13
24,12
24,10
24,9
24,9
24,8
24,8
24,7
24,7
24,7
24,6
24,5
24,5
24,5
24,4
24,4
24,4
24,3
24,3
24,3
24,3
24,2
24,2
24,2
24,1
24,1
24,1
24,0
24,0
24,0
24,0
24,0
24,0
24,0
24,0
24,0
24,0
24,0
24,0
24,0
24,0
24,0
24,0
24,0
25,60
25,25
25,23
25,19
25,19
25,15
25,14
25,11
25,10
25,8
25,7
25,6
25,2
25,1
25,1
25,0
25,0
25,0
25,0
26,18
26,7
26,4
26,3
26,2
26,1
27,22
27,18
27,13
27,12
27,12
27,9
27,7
27,5
27,5
27,3
27,2
27,1
27,1
28,159
28,125
28,109
28,97
28,94
28,78
28,73
28,73
28,66
28,65
28,63
28,54
28,48
28,44
28,44
28,41
28,38
28,38
28,37
28,32
28,30
28,29
28,29
28,29
28,27
28,25
28,24
28,22
28,22
28,21
28,21
28,21
28,20
28,19
28,19
28,17
28,17
28,17
28,16
28,15
28,15
28,15
28,15
28,15
28,14
28,14
28,14
28,14
28,13
28,11
28,11
28,11
28,11
28,10
28,10
28,10
28,9
28,9
28,9
28,8
28,8
28,8
28,8
28,7
28,7
28,7
28,7
28,7
28,7
28,7
28,7
28,7
28,6
28,6
28,5
28,5
28,5
28,5
28,5
28,5
28,5
28,4
28,4
28,4
28,4
28,4
28,3
28,3
28,3
28,3
28,3
28,2
28,2
28,2
28,2
28,2
28,1
28,1
28,1
28,1
28,1
28,1
28,1
28,0
28,0
28,0
28,0
28,0
28,0
28,0
28,0
28,0
28,0
28,0
28,0
28,0
28,0
28,0
28,0
28,0
28,0
28,0
28,0
28,0
28,0
28,0
28,0
28,0
28,0
28,0
29,118
29,100
29,92
29,61
29,33
29,28
29,18
29,17
29,17
29,15
29,14
29,13
29,11
29,8
29,7
29,6
29,6
29,6
29,4
29,3
29,3
29,2
29,2
29,0
29,0
29,0
29,0
29,0
30,86
30,48
30,38
30,34
30,30
30,23
30,23
30,23
30,17
30,17
30,17
30,15
30,15
30,14
30,13
30,12
30,12
30,11
30,11
30,10
30,9
30,8
30,8
30,8
30,7
30,6
30,5
30,5
30,5
30,5
30,5
30,5
30,4
30,4
30,3
30,3
30,3
30,3
30,2
30,2
30,2
30,1
30,1
30,1
30,1
30,1
30,1
30,1
30,0
30,0
30,0
30,0
30,0
30,0
30,0
30,0
30,0
30,0
30,0
30,0
30,0
30,0
30,0
30,0
30,0
30,0
30,0
30,0
31,308
31,116
31,110
31,108
31,75
31,73
31,68
31,65
31,64
31,62
31,59
31,58
31,53
31,51
31,50
31,48
31,46
31,46
31,45
31,44
31,43
31,42
31,42
31,37
31,37
31,36
31,33
31,33
31,32
31,32
31,30
31,27
31,25
31,25
31,25
31,23
31,22
31,22
31,22
31,22
31,20
31,20
31,20
31,20
31,19
31,19
31,19
31,19
31,19
31,19
31,18
31,18
31,17
31,17
31,16
31,16
31,16
31,16
31,16
31,15
31,15
31,15
31,14
31,14
31,14
31,14
31,14
31,14
31,13
31,13
31,12
31,12
31,12
31,12
31,11
31,11
31,11
31,10
31,10
31,9
31,9
31,9
31,8
31,8
31,7
31,7
31,7
31,7
31,6
31,6
31,6
31,6
31,6
31,6
31,6
31,5
31,5
31,5
31,5
31,5
31,4
31,4
31,4
31,4
31,4
31,4
31,4
31,3
31,3
31,3
31,3
31,3
31,3
31,3
31,2
31,2
31,2
31,2
31,2
31,2
31,2
31,2
31,1
31,1
31,1
31,1
31,1
31,1
31,1
31,1
31,1
31,1
31,1
31,1
31,1
31,0
31,0
31,0
31,0
31,0
31,0
31,0
31,0
31,0
31,0
31,0
31,0
31,0
31,0
31,0
31,0
31,0
31,0
31,0
31,0
31,0
31,0
31,0
31,0
31,0
31,0
31,0
31,0
31,0
31,0
31,0
31,0
31,0
31,0
31,0
31,0
31,0
31,0
31,0
31,0
31,0
31,0
31,0
31,0
31,0
31,0
31,0
31,0
31,0
31,0
31,0
31,0
31,0
31,0
31,0
31,0
31,0
31,0
31,0
31,0
31,0
31,0
31,0
31,0
31,0
31,0
31,0
31,0
31,0
31,0
31,0
31,0
31,0
31,0
31,0
31,0
31,0
31,0
31,0
31,0
31,0
31,0
31,0
31,0
31,0
31,0
31,0
31,0
31,0
31,0
31,0
31,0
31,0
31,0
32,1806
32,898
32,775
32,711
32,630
32,584
32,571
32,559
32,465
32,442
32,437
32,387
32,362
32,341
32,334
32,327
32,316
32,308
32,295
32,270
32,250
32,229
32,214
32,214
32,199
32,186
32,183
32,163
32,152
32,152
32,141
32,129
32,115
32,112
32,110
32,108
32,105
32,104
32,102
32,100
32,93
32,91
32,83
32,83
32,82
32,81
32,80
32,78
32,75
32,69
32,68
32,67
32,67
32,65
32,63
32,61
32,60
32,59
32,58
32,57
32,55
32,53
32,51
32,50
32,49
32,47
32,46
32,45
32,43
32,39
32,39
32,38
32,38
32,37
32,36
32,34
32,33
32,33
32,32
32,30
32,28
32,28
32,27
32,27
32,26
32,26
32,24
32,23
32,23
32,20
32,20
32,19
32,18
32,18
32,17
32,17
32,17
32,17
32,16
32,16
32,15
32,15
32,15
32,15
32,14
32,14
32,14
32,13
32,13
32,13
32,13
32,13
32,13
32,12
32,12
32,12
32,12
32,12
32,12
32,11
32,10
32,9
32,9
32,9
32,9
32,9
32,9
32,9
32,9
32,8
32,8
32,8
32,8
32,8
32,7
32,7
32,7
32,7
32,7
32,7
32,7
32,7
32,6
32,6
32,6
32,6
32,6
32,6
32,5
32,5
32,5
32,4
32,4
32,4
32,4
32,4
32,4
32,4
32,4
32,3
32,3
32,3
32,3
32,3
32,3
32,3
32,3
32,2
32,2
32,2
32,2
32,2
32,2
32,2
32,2
32,2
32,2
32,2
32,2
32,2
32,2
32,1
32,1
32,1
32,1
32,1
32,1
32,1
32,1
32,1
32,1
32,1
32,1
32,1
32,1
32,0
32,0
32,0
32,0
32,0
32,0
32,0
32,0
32,0
32,0
32,0
32,0
32,0
32,0
32,0
32,0
32,0
32,0
32,0
32,0
32,0
32,0
32,0
32,0
32,0
32,0
32,0
32,0
32,0
32,0
32,0
32,0
32,0
32,0
32,0
32,0
32,0
32,0
32,0
32,0
32,0
32,0
32,0
32,0
32,0
32,0
32,0
32,0
32,0
32,0
32,0
32,0
32,0
32,0
32,0
32,0
32,0
32,0
32,0
32,0
32,0
32,0
32,0
32,0
32,0
32,0
32,0
32,0
32,0
32,0
32,0
32,0
32,0
32,0
32,0
32,0
32,0
32,0
32,0
32,0
32,0
32,0
32,0
32,0
32,0
32,0
32,0
32,0
32,0
32,0
32,0
32,0
32,0
32,0
32,0
32,0
32,0
32,0
32,0
32,0
32,0
32,0
32,0
32,0
32,0
32,0
32,0
32,0
32,0
32,0
32,0
32,0
32,0
32,0
32,0
32,0
32,0
32,0
32,0
33,3909
33,1081
33,637
33,512
33,411
33,372
33,330
33,248
33,219
33,216
33,216
33,212
33,200
33,197
33,187
33,186
33,174
33,143
33,142
33,127
33,126
33,126
33,123
33,120
33,118
33,116
33,113
33,111
33,105
33,104
33,103
33,94
33,89
33,86
33,83
33,82
33,81
33,78
33,76
33,73
33,72
33,72
33,68
33,68
33,67
33,66
33,64
33,63
33,61
33,60
33,60
33,60
33,58
33,56
33,55
33,55
33,54
33,53
33,53
33,51
33,51
33,49
33,48
33,47
33,47
33,47
33,47
33,46
33,45
33,44
33,42
33,42
33,41
33,41
33,38
33,37
33,37
33,37
33,36
33,36
33,35
33,34
33,34
33,34
33,33
33,33
33,33
33,32
33,32
33,32
33,32
33,32
33,31
33,30
33,30
33,28
33,28
33,27
33,27
33,26
33,26
33,26
33,26
33,26
33,25
33,25
33,25
33,25
33,24
33,24
33,23
33,23
33,23
33,23
33,22
33,22
33,22
33,21
33,21
33,21
33,21
33,21
33,21
33,21
33,21
33,20
33,20
33,20
33,20
33,20
33,19
33,19
33,19
33,19
33,18
33,18
33,18
33,17
33,17
33,17
33,17
33,17
33,17
33,17
33,16
33,16
33,16
33,16
33,16
33,16
33,16
33,15
33,15
33,15
33,14
33,14
33,14
33,14
33,14
33,14
33,13
33,13
33,13
33,13
33,13
33,13
33,13
33,13
33,13
33,13
33,13
33,12
33,12
33,11
33,11
33,11
33,11
33,11
33,11
33,11
33,11
33,10
33,10
33,10
33,10
33,10
33,10
33,10
33,10
33,9
33,9
33,9
33,9
33,9
33,9
33,9
33,9
33,9
33,9
33,9
33,9
33,8
33,8
33,8
33,8
33,8
33,8
33,8
33,8
33,8
33,8
33,8
33,8
33,8
33,8
33,8
33,7
33,7
33,7
33,7
33,7
33,7
33,7
33,7
33,6
33,6
33,6
33,6
33,6
33,6
33,6
33,6
33,6
33,6
33,6
33,6
33,6
33,6
33,6
33,6
33,6
33,6
33,5
33,5
33,5
33,5
33,5
33,5
33,5
33,5
33,5
33,5
33,5
33,5
33,5
33,5
33,5
33,5
33,5
33,5
33,4
33,4
33,4
33,4
33,4
33,4
33,4
33,4
33,4
33,4
33,4
33,4
33,4
33,4
33,3
33,3
33,3
33,3
33,3
33,3
33,3
33,3
33,3
33,3
33,3
33,3
33,2
33,2
33,2
33,2
33,2
33,2
33,2
33,2
33,2
33,2
33,2
33,2
33,2
33,2
33,2
33,2
33,2
33,2
33,2
33,1
33,1
33,1
33,1
33,1
33,1
33,1
33,1
33,1
33,1
33,1
33,1
33,1
33,1
33,1
33,1
33,1
33,1
33,1
33,1
33,1
33,1
33,1
33,1
33,1
33,1
33,1
33,1
33,1
33,1
33,0
33,0
33,0
33,0
33,0
33,0
33,0
33,0
33,0
33,0
33,0
33,0
33,0
33,0
33,0
33,0
33,0
33,0
33,0
33,0
33,0
33,0
33,0
33,0
33,0
33,0
33,0
33,0
33,0
33,0
33,0
33,0
33,0
33,0
33,0
33,0
33,0
33,0
33,0
33,0
33,0
33,0
33,0
33,0
33,0
33,0
33,0
33,0
33,0
33,0
33,0
33,0
33,0
33,0
33,0
33,0
33,0
33,0
33,0
33,0
33,0
33,0
33,0
33,0
33,0
33,0
33,0
33,0
33,0
33,0
33,0
33,0
33,0
33,0
33,0
33,0
33,0
33,0
33,0
33,0
33,0
33,0
33,0
33,0
33,0
33,0
33,0
33,0
33,0
33,0
33,0
33,0
33,0
33,0
33,0
33,0
33,0
33,0
33,0
33,0
33,0
33,0
33,0
33,0
33,0
33,0
33,0
33,0
33,0
33,0
33,0
33,0
33,0
33,0
33,0
33,0
33,0
33,0
33,0
33,0
33,0
33,0
33,0
33,0
33,0
33,0
33,0
33,0
33,0
33,0
33,0
33,0
34,113
34,111
34,77
34,55
34,49
34,29
34,28
34,21
34,18
34,16
34,14
34,14
34,14
34,13
34,13
34,12
34,12
34,8
34,7
34,6
34,5
34,5
34,5
34,5
34,5
34,4
34,4
34,3
34,3
34,3
34,3
34,2
34,2
34,1
34,0
34,0
34,0
34,0
34,0
35,121
35,110
35,103
35,98
35,92
35,63
35,60
35,53
35,51
35,45
35,43
35,41
35,41
35,37
35,36
35,31
35,30
35,29
35,27
35,27
35,27
35,26
35,25
35,23
35,21
35,19
35,19
35,19
35,16
35,15
35,15
35,14
35,14
35,12
35,11
35,11
35,10
35,10
35,9
35,9
35,9
35,8
35,8
35,7
35,6
35,6
35,6
35,4
35,4
35,3
35,3
35,3
35,3
35,2
35,2
35,2
35,2
35,1
35,1
35,1
35,0
35,0
35,0
35,0
35,0
35,0
35,0
35,0
36,66
36,62
36,49
36,49
36,37
36,28
36,25
36,24
36,23
36,21
36,11
36,7
36,7
36,6
36,6
36,5
36,5
36,3
36,3
36,3
36,2
36,0
36,0
36,0
36,0
36,0
36,0
36,0
36,0
36,0
36,0
36,0
36,0
36,0
36,0
36,0
36,0
37,19
37,19
37,15
37,15
37,11
37,10
37,9
37,9
37,8
37,4
37,1
37,1
37,0
37,0
37,0
37,0
37,0
38,504
38,429
38,259
38,257
38,228
38,184
38,157
38,149
38,139
38,137
38,99
38,92
38,81
38,77
38,77
38,75
38,74
38,72
38,66
38,63
38,63
38,62
38,62
38,61
38,58
38,55
38,55
38,54
38,50
38,48
38,46
38,46
38,46
38,44
38,42
38,40
38,40
38,39
38,37
38,37
38,35
38,35
38,34
38,34
38,33
38,32
38,30
38,30
38,30
38,28
38,28
38,28
38,24
38,23
38,23
38,23
38,22
38,22
38,21
38,21
38,21
38,21
38,20
38,20
38,20
38,19
38,19
38,18
38,18
38,18
38,18
38,18
38,18
38,18
38,18
38,18
38,17
38,17
38,16
38,16
38,15
38,15
38,15
38,15
38,14
38,14
38,14
38,14
38,14
38,13
38,13
38,13
38,13
38,13
38,13
38,13
38,12
38,12
38,12
38,12
38,12
38,11
38,11
38,11
38,11
38,11
38,11
38,11
38,11
38,11
38,10
38,10
38,10
38,10
38,10
38,10
38,10
38,10
38,10
38,9
38,9
38,9
38,9
38,9
38,8
38,8
38,8
38,8
38,8
38,8
38,8
38,7
38,7
38,7
38,7
38,7
38,7
38,7
38,7
38,7
38,7
38,7
38,7
38,7
38,6
38,6
38,6
38,6
38,6
38,6
38,6
38,6
38,6
38,6
38,5
38,5
38,5
38,5
38,5
38,5
38,5
38,5
38,5
38,5
38,4
38,4
38,4
38,4
38,4
38,4
38,4
38,4
38,4
38,3
38,3
38,3
38,3
38,3
38,3
38,3
38,3
38,3
38,3
38,3
38,3
38,3
38,3
38,3
38,2
38,2
38,2
38,2
38,2
38,2
38,2
38,2
38,2
38,2
38,2
38,2
38,2
38,2
38,2
38,2
38,2
38,1
38,1
38,1
38,1
38,1
38,1
38,1
38,1
38,1
38,1
38,1
38,1
38,1
38,1
38,1
38,1
38,1
38,1
38,1
38,1
38,1
38,1
38,0
38,0
38,0
38,0
38,0
38,0
38,0
38,0
38,0
38,0
38,0
38,0
38,0
38,0
38,0
38,0
38,0
38,0
38,0
38,0
38,0
38,0
38,0
38,0
38,0
38,0
38,0
38,0
38,0
38,0
38,0
38,0
38,0
38,0
38,0
38,0
38,0
38,0
38,0
38,0
38,0
38,0
38,0
38,0
38,0
38,0
38,0
38,0
38,0
38,0
38,0
38,0
38,0
38,0
38,0
38,0
38,0
38,0
38,0
38,0
38,0
38,0
38,0
38,0
38,0
38,0
38,0
38,0
38,0
38,0
38,0
38,0
38,0
38,0
39,41
39,21
39,19
39,17
39,12
39,8
39,8
39,7
39,5
39,5
39,5
39,3
39,0
39,0
39,0
39,0
39,0
40,12
40,8
40,6
40,5
40,5
40,4
40,4
40,4
40,4
40,3
40,2
40,2
40,1
40,1
40,0
40,0
40,0
40,0
41,61
41,57
41,50
41,48
41,37
41,37
41,34
41,33
41,30
41,23
41,20
41,20
41,18
41,17
41,17
41,17
41,16
41,15
41,13
41,13
41,13
41,12
41,10
41,10
41,9
41,9
41,9
41,8
41,7
41,7
41,6
41,6
41,6
41,5
41,5
41,4
41,4
41,4
41,3
41,2
41,1
41,1
41,1
41,1
41,0
41,0
41,0
41,0
41,0
42,51
42,31
42,25
42,22
42,21
42,20
42,20
42,20
42,18
42,17
42,17
42,16
42,14
42,12
42,11
42,10
42,9
42,9
42,9
42,8
42,8
42,7
42,7
42,6
42,6
42,6
42,6
42,5
42,5
42,5
42,5
42,4
42,4
42,4
42,4
42,4
42,3
42,3
42,3
42,2
42,2
42,2
42,2
42,2
42,1
42,1
42,1
42,1
42,1
42,1
42,1
42,1
42,1
42,1
42,0
42,0
42,0
42,0
42,0
42,0
42,0
42,0
42,0
42,0
42,0
42,0
42,0
42,0
43,723
43,139
43,122
43,118
43,111
43,101
43,100
43,96
43,80
43,79
43,77
43,65
43,57
43,56
43,55
43,54
43,53
43,51
43,49
43,48
43,48
43,48
43,45
43,44
43,44
43,44
43,43
43,42
43,42
43,42
43,40
43,39
43,39
43,39
43,38
43,38
43,37
43,36
43,35
43,35
43,33
43,31
43,30
43,29
43,29
43,28
43,28
43,28
43,25
43,25
43,24
43,24
43,23
43,23
43,22
43,22
43,22
43,22
43,21
43,21
43,21
43,20
43,19
43,19
43,18
43,18
43,18
43,18
43,17
43,17
43,17
43,17
43,17
43,17
43,16
43,15
43,15
43,15
43,14
43,14
43,14
43,13
43,13
43,13
43,13
43,12
43,12
43,12
43,12
43,12
43,11
43,11
43,11
43,11
43,11
43,10
43,10
43,9
43,9
43,9
43,9
43,9
43,9
43,9
43,9
43,8
43,8
43,8
43,8
43,8
43,8
43,8
43,7
43,7
43,7
43,7
43,6
43,6
43,6
43,6
43,6
43,6
43,6
43,5
43,5
43,5
43,5
43,5
43,5
43,5
43,5
43,4
43,4
43,4
43,4
43,4
43,4
43,4
43,4
43,3
43,3
43,3
43,3
43,3
43,3
43,3
43,3
43,3
43,3
43,3
43,3
43,3
43,3
43,3
43,3
43,2
43,2
43,2
43,2
43,2
43,2
43,2
43,2
43,2
43,2
43,2
43,1
43,1
43,1
43,1
43,1
43,1
43,1
43,1
43,1
43,1
43,1
43,1
43,1
43,1
43,1
43,0
43,0
43,0
43,0
43,0
43,0
43,0
43,0
43,0
43,0
43,0
43,0
43,0
43,0
43,0
43,0
43,0
43,0
43,0
43,0
43,0
43,0
43,0
43,0
43,0
43,0
43,0
43,0
43,0
43,0
43,0
43,0
43,0
43,0
43,0
43,0
43,0
43,0
43,0
43,0
43,0
43,0
43,0
43,0
43,0
43,0
43,0
43,0
43,0
43,0
43,0
43,0
43,0
43,0
43,0
43,0
43,0
43,0
43,0
43,0
43,0
43,0
43,0
43,0
43,0
43,0
43,0
43,0
43,0
43,0
43,0
43,0
43,0
43,0
43,0
43,0
43,0
43,0
43,0
43,0
43,0
43,0
43,0
43,0
43,0
43,0
43,0
43,0
43,0
43,0
43,0
43,0
43,0
43,0
43,0
43,0
43,0
43,0
43,0
43,0
44,4100
44,2955
44,1768
44,739
44,576
44,492
44,453
44,374
44,319
44,274
44,256
44,246
44,242
44,232
44,223
44,200
44,196
44,161
44,150
44,143
44,142
44,136
44,129
44,125
44,121
44,120
44,114
44,111
44,109
44,105
44,104
44,103
44,100
44,96
44,94
44,88
44,87
44,85
44,84
44,83
44,76
44,75
44,70
44,69
44,68
44,68
44,68
44,66
44,66
44,65
44,64
44,60
44,57
44,54
44,53
44,52
44,52
44,52
44,51
44,47
44,47
44,47
44,43
44,39
44,38
44,38
44,38
44,36
44,36
44,36
44,36
44,35
44,33
44,32
44,31
44,31
44,28
44,28
44,27
44,27
44,27
44,27
44,26
44,26
44,24
44,24
44,23
44,22
44,21
44,21
44,19
44,19
44,19
44,18
44,15
44,14
44,14
44,13
44,12
44,12
44,12
44,12
44,11
44,11
44,10
44,10
44,10
44,10
44,10
44,9
44,8
44,8
44,8
44,7
44,7
44,7
44,6
44,6
44,6
44,6
44,6
44,6
44,5
44,5
44,5
44,5
44,5
44,5
44,5
44,4
44,4
44,4
44,4
44,4
44,4
44,4
44,4
44,3
44,3
44,3
44,3
44,3
44,3
44,3
44,3
44,3
44,3
44,2
44,2
44,2
44,2
44,2
44,2
44,2
44,2
44,2
44,2
44,2
44,2
44,2
44,2
44,2
44,2
44,2
44,1
44,1
44,1
44,1
44,1
44,1
44,1
44,1
44,1
44,1
44,1
44,1
44,1
44,1
44,1
44,1
44,1
44,1
44,1
44,1
44,0
44,0
44,0
44,0
44,0
44,0
44,0
44,0
44,0
44,0
44,0
44,0
44,0
44,0
44,0
44,0
44,0
44,0
44,0
44,0
44,0
44,0
44,0
44,0
44,0
44,0
44,0
44,0
44,0
44,0
44,0
44,0
44,0
44,0
44,0
44,0
44,0
44,0
44,0
44,0
44,0
44,0
44,0
44,0
44,0
44,0
44,0
44,0
44,0
44,0
44,0
44,0
44,0
44,0
44,0
44,0
44,0
44,0
44,0
44,0
44,0
44,0
44,0
44,0
44,0
44,0
44,0
44,0
44,0
44,0
44,0
44,0
44,0
44,0
44,0
44,0
44,0
44,0
44,0
44,0
44,0
44,0
44,0
44,0
44,0
44,0
44,0
44,0
44,0
44,0
44,0
44,0
44,0
44,0
44,0
44,0
44,0
44,0
44,0
44,0
44,0
44,0
44,0
44,0
44,0
44,0
44,0
44,0
44,0
44,0
44,0
44,0
44,0
44,0
44,0
44,0
44,0
44,0
44,0
44,0
44,0
44,0
44,0
44,0
44,0
44,0
45,57
45,49
45,47
45,41
45,33
45,30
45,29
45,25
45,22
45,21
45,19
45,19
45,19
45,18
45,18
45,17
45,17
45,15
45,14
45,11
45,11
45,10
45,10
45,10
45,9
45,9
45,9
45,8
45,8
45,8
45,7
45,6
45,6
45,6
45,4
45,3
45,3
45,2
45,2
45,2
45,2
45,1
45,1
45,1
45,0
45,0
45,0
45,0
45,0
45,0
45,0
45,0
45,0
45,0
46,487
46,372
46,317
46,248
46,235
46,227
46,125
46,113
46,88
46,86
46,85
46,77
46,69
46,67
46,64
46,56
46,56
46,54
46,54
46,52
46,52
46,52
46,49
46,49
46,46
46,46
46,41
46,39
46,37
46,37
46,36
46,33
46,31
46,30
46,30
46,28
46,26
46,26
46,25
46,23
46,23
46,22
46,22
46,22
46,21
46,21
46,21
46,20
46,20
46,19
46,19
46,18
46,17
46,17
46,17
46,17
46,16
46,16
46,16
46,16
46,16
46,16
46,16
46,15
46,15
46,15
46,14
46,14
46,14
46,14
46,13
46,13
46,13
46,12
46,12
46,12
46,12
46,11
46,10
46,9
46,9
46,8
46,8
46,8
46,7
46,7
46,7
46,7
46,7
46,6
46,6
46,5
46,5
46,5
46,4
46,4
46,3
46,3
46,3
46,3
46,3
46,2
46,2
46,2
46,2
46,2
46,2
46,2
46,1
46,1
46,1
46,1
46,1
46,1
46,1
46,1
46,1
46,1
46,1
46,1
46,1
46,0
46,0
46,0
46,0
46,0
46,0
46,0
46,0
46,0
46,0
46,0
46,0
46,0
46,0
46,0
46,0
46,0
46,0
46,0
46,0
46,0
46,0
46,0
46,0
46,0
46,0
46,0
46,0
46,0
46,0
46,0
46,0
46,0
46,0
46,0
46,0
46,0
46,0
46,0
46,0
46,0
46,0
46,0
46,0
46,0
47,1052
47,263
47,180
47,134
47,117
47,93
47,89
47,88
47,86
47,84
47,82
47,78
47,76
47,72
47,70
47,69
47,68
47,65
47,63
47,60
47,55
47,48
47,46
47,45
47,43
47,42
47,42
47,42
47,41
47,39
47,36
47,36
47,36
47,36
47,35
47,34
47,33
47,33
47,33
47,32
47,31
47,30
47,30
47,27
47,27
47,26
47,26
47,25
47,24
47,23
47,22
47,21
47,21
47,20
47,20
47,18
47,16
47,16
47,14
47,14
47,13
47,11
47,11
47,11
47,10
47,10
47,9
47,9
47,7
47,7
47,7
47,4
47,4
47,3
47,3
47,3
47,3
47,2
47,2
47,2
47,2
47,2
47,1
47,1
47,1
47,1
47,0
47,0
47,0
47,0
47,0
47,0
47,0
47,0
47,0
47,0
47,0
47,0
47,0
47,0
47,0
47,0
47,0
47,0
47,0
47,0
47,0
47,0
47,0
47,0
47,0
47,0
47,0
47,0
47,0
47,0
47,0
47,0
47,0
47,0
47,0
47,0
47,0
47,0
47,0
47,0
47,0
47,0
47,0
47,0
47,0
47,0
47,0
47,0
47,0
47,0
47,0
47,0
47,0
47,0
47,0
47,0
48,623
48,155
48,115
48,102
48,97
48,83
48,73
48,63
48,60
48,56
48,49
48,48
48,45
48,42
48,38
48,31
48,30
48,29
48,29
48,28
48,27
48,26
48,25
48,22
48,22
48,22
48,22
48,19
48,19
48,17
48,16
48,16
48,16
48,15
48,15
48,15
48,14
48,14
48,14
48,13
48,13
48,13
48,12
48,11
48,11
48,11
48,11
48,10
48,9
48,9
48,9
48,9
48,9
48,8
48,7
48,7
48,6
48,6
48,6
48,5
48,5
48,4
48,4
48,4
48,4
48,3
48,3
48,3
48,2
48,2
48,1
48,1
48,1
48,1
48,1
48,1
48,1
48,1
48,1
48,0
48,0
48,0
48,0
48,0
48,0
48,0
48,0
48,0
48,0
48,0
48,0
48,0
48,0
48,0
48,0
49,487
49,317
49,171
49,126
49,113
49,105
49,105
49,96
49,88
49,86
49,85
49,76
49,67
49,64
49,64
49,61
49,60
49,56
49,56
49,55
49,54
49,52
49,52
49,49
49,49
49,48
49,48
49,46
49,46
49,44
49,41
49,38
49,37
49,37
49,37
49,36
49,36
49,35
49,34
49,31
49,30
49,30
49,29
49,26
49,25
49,25
49,23
49,21
49,21
49,20
49,19
49,19
49,18
49,18
49,17
49,16
49,16
49,16
49,15
49,14
49,13
49,13
49,13
49,12
49,12
49,12
49,12
49,12
49,11
49,10
49,9
49,9
49,9
49,8
49,8
49,8
49,8
49,7
49,7
49,7
49,7
49,6
49,6
49,6
49,6
49,6
49,6
49,5
49,5
49,4
49,4
49,4
49,4
49,4
49,3
49,3
49,3
49,3
49,2
49,2
49,2
49,2
49,2
49,2
49,2
49,2
49,2
49,2
49,1
49,1
49,1
49,1
49,1
49,1
49,1
49,0
49,0
49,0
49,0
49,0
49,0
49,0
49,0
49,0
49,0
49,0
49,0
49,0
49,0
49,0
49,0
49,0
49,0
49,0
49,0
49,0
49,0
49,0
49,0
49,0
49,0
49,0
49,0
49,0
49,0
49,0
49,0
49,0
49,0
49,0
49,0
49,0
49,0
49,0
49,0
49,0
49,0
50,128
50,59
50,29
50,23
50,11
50,10
50,9
50,9
50,8
50,8
50,8
50,7
50,6
50,6
50,6
50,5
50,4
50,3
50,3
50,2
50,2
50,1
50,1
50,1
50,0
50,0
50,0
50,0
50,0
51,492
51,353
51,279
51,279
51,107
51,106
51,91
51,91
51,86
51,82
51,76
51,67
51,66
51,63
51,62
51,56
51,55
51,55
51,54
51,50
51,49
51,46
51,46
51,44
51,41
51,36
51,34
51,34
51,33
51,32
51,29
51,26
51,23
51,23
51,22
51,21
51,21
51,20
51,19
51,19
51,17
51,17
51,16
51,15
51,15
51,14
51,14
51,13
51,13
51,11
51,10
51,10
51,10
51,10
51,9
51,9
51,8
51,7
51,7
51,5
51,5
51,5
51,5
51,4
51,4
51,4
51,3
51,3
51,2
51,2
51,1
51,1
51,1
51,1
51,1
51,1
51,1
51,0
51,0
51,0
51,0
51,0
51,0
51,0
51,0
51,0
51,0
51,0
52,147
52,130
52,108
52,103
52,91
52,87
52,84
52,83
52,78
52,76
52,52
52,52
52,50
52,42
52,40
52,37
52,32
52,30
52,30
52,29
52,28
52,27
52,26
52,25
52,24
52,24
52,23
52,21
52,19
52,19
52,17
52,16
52,16
52,16
52,16
52,15
52,12
52,12
52,11
52,11
52,10
52,10
52,9
52,9
52,7
52,6
52,6
52,6
52,6
52,6
52,6
52,5
52,4
52,3
52,3
52,3
52,3
52,3
52,2
52,2
52,1
52,0
52,0
52,0
52,0
52,0
52,0
52,0
52,0
53,162
53,96
53,71
53,48
53,46
53,38
53,32
53,32
53,29
53,27
53,23
53,23
53,18
53,16
53,15
53,15
53,14
53,13
53,11
53,11
53,9
53,9
53,9
53,8
53,8
53,8
53,6
53,6
53,6
53,5
53,5
53,5
53,5
53,5
53,5
53,4
53,4
53,4
53,3
53,3
53,3
53,3
53,2
53,2
53,2
53,1
53,1
53,1
53,1
53,1
53,1
53,0
53,0
53,0
53,0
53,0
53,0
53,0
53,0
53,0
53,0
53,0
53,0
53,0
53,0
53,0
53,0
53,0
53,0
53,0
53,0
53,0
53,0
53,0
53,0
53,0
54,7
54,7
54,0
55,36
55,11
55,9
55,9
55,9
55,9
55,9
55,8
55,8
55,7
55,6
55,6
55,4
55,4
55,4
55,3
55,3
55,3
55,3
55,2
55,2
55,2
55,1
55,1
55,1
55,1
55,1
55,0
55,0
55,0
55,0
55,0
55,0
56,278
56,208
56,137
56,131
56,129
56,122
56,93
56,92
56,90
56,83
56,80
56,69
56,68
56,63
56,55
56,47
56,45
56,41
56,35
56,34
56,33
56,33
56,32
56,31
56,31
56,31
56,31
56,30
56,29
56,29
56,29
56,28
56,28
56,28
56,27
56,27
56,27
56,27
56,26
56,26
56,26
56,26
56,26
56,26
56,26
56,26
56,25
56,25
56,25
56,25
56,25
56,24
56,24
56,24
56,24
56,24
56,23
56,23
56,23
56,23
56,23
56,23
56,23
56,22
56,22
56,22
56,22
56,22
56,22
56,22
56,22
56,22
56,22
56,22
56,21
56,21
56,21
56,21
56,21
56,21
56,21
56,20
56,20
56,20
56,20
56,20
56,20
56,20
56,20
56,20
56,20
56,20
56,20
56,19
56,19
56,19
56,19
56,19
56,19
56,19
56,19
56,19
56,19
56,19
56,18
56,18
56,18
56,18
56,18
56,18
56,18
56,18
56,18
56,18
56,18
56,18
56,18
56,18
56,18
56,18
56,18
56,18
56,17
56,17
56,17
56,17
56,17
56,17
56,17
56,17
56,17
56,17
56,17
56,17
56,16
56,16
56,16
56,16
56,16
56,16
56,16
56,16
56,16
56,16
56,16
56,16
56,16
56,16
56,16
56,16
56,16
56,16
56,16
56,16
56,16
56,15
56,15
56,15
56,15
56,15
56,15
56,15
56,15
56,15
56,15
56,15
56,15
56,15
56,15
56,15
56,15
56,15
56,15
56,15
56,15
56,15
56,15
56,15
56,15
56,15
56,15
56,15
56,15
56,15
56,15
56,14
56,14
56,14
56,14
56,14
56,14
56,14
56,14
56,14
56,14
56,14
56,14
56,14
56,14
56,14
56,14
56,14
56,13
56,13
56,13
56,13
56,13
56,13
56,13
56,13
56,13
56,13
56,13
56,13
56,13
56,13
56,13
56,13
56,13
56,13
56,13
56,13
56,13
56,13
56,13
56,13
56,13
56,13
56,13
56,13
56,13
56,13
56,13
56,13
56,13
56,13
56,12
56,12
56,12
56,12
56,12
56,12
56,12
56,12
56,12
56,12
56,12
56,12
56,12
56,12
56,12
56,12
56,12
56,12
56,12
56,12
56,12
56,12
56,12
56,12
56,12
56,12
56,12
56,12
56,12
56,12
56,12
56,11
56,11
56,11
56,11
56,11
56,11
56,11
56,11
56,11
56,11
56,11
56,11
56,11
56,11
56,11
56,11
56,11
56,11
56,11
56,11
56,11
56,11
56,11
56,11
56,11
56,11
56,11
56,11
56,11
56,11
56,10
56,10
56,10
56,10
56,10
56,10
56,10
56,10
56,10
56,10
56,10
56,10
56,10
56,10
56,10
56,10
56,10
56,10
56,10
56,10
56,10
56,10
56,10
56,10
56,10
56,10
56,10
56,10
56,10
56,10
56,10
56,10
56,10
56,10
56,10
56,10
56,10
56,10
56,10
56,10
56,10
56,10
56,9
56,9
56,9
56,9
56,9
56,9
56,9
56,9
56,9
56,9
56,9
56,9
56,9
56,9
56,9
56,9
56,9
56,9
56,9
56,9
56,9
56,9
56,9
56,9
56,9
56,9
56,9
56,9
56,9
56,9
56,9
56,9
56,9
56,9
56,9
56,8
56,8
56,8
56,8
56,8
56,8
56,8
56,8
56,8
56,8
56,8
56,8
56,8
56,8
56,8
56,8
56,8
56,8
56,8
56,8
56,8
56,8
56,8
56,8
56,8
56,8
56,8
56,8
56,8
56,8
56,8
56,8
56,8
56,8
56,8
56,8
56,8
56,8
56,8
56,8
56,8
56,8
56,8
56,8
56,8
56,8
56,7
56,7
56,7
56,7
56,7
56,7
56,7
56,7
56,7
56,7
56,7
56,7
56,7
56,7
56,7
56,7
56,7
56,7
56,7
56,7
56,7
56,7
56,7
56,7
56,7
56,7
56,7
56,7
56,7
56,7
56,7
56,7
56,7
56,7
56,7
56,7
56,7
56,7
56,7
56,7
56,7
56,7
56,7
56,7
56,7
56,7
56,7
56,7
56,7
56,7
56,7
56,7
56,7
56,7
56,7
56,6
56,6
56,6
56,6
56,6
56,6
56,6
56,6
56,6
56,6
56,6
56,6
56,6
56,6
56,6
56,6
56,6
56,6
56,6
56,6
56,6
56,6
56,6
56,6
56,6
56,6
56,6
56,6
56,6
56,6
56,6
56,6
56,6
56,6
56,6
56,6
56,6
56,6
56,6
56,6
56,6
56,6
56,6
56,6
56,6
56,6
56,6
56,6
56,6
56,6
56,6
56,6
56,6
56,6
56,6
56,6
56,6
56,6
56,6
56,6
56,6
56,6
56,6
56,6
56,6
56,5
56,5
56,5
56,5
56,5
56,5
56,5
56,5
56,5
56,5
56,5
56,5
56,5
56,5
56,5
56,5
56,5
56,5
56,5
56,5
56,5
56,5
56,5
56,5
56,5
56,5
56,5
56,5
56,5
56,5
56,5
56,5
56,5
56,5
56,5
56,5
56,5
56,5
56,5
56,5
56,5
56,5
56,5
56,5
56,5
56,5
56,5
56,5
56,5
56,5
56,5
56,5
56,5
56,5
56,5
56,5
56,5
56,5
56,5
56,5
56,5
56,5
56,5
56,5
56,5
56,5
56,4
56,4
56,4
56,4
56,4
56,4
56,4
56,4
56,4
56,4
56,4
56,4
56,4
56,4
56,4
56,4
56,4
56,4
56,4
56,4
56,4
56,4
56,4
56,4
56,4
56,4
56,4
56,4
56,4
56,4
56,4
56,4
56,4
56,4
56,4
56,4
56,4
56,4
56,4
56,4
56,4
56,4
56,4
56,4
56,4
56,4
56,4
56,4
56,4
56,4
56,4
56,4
56,4
56,4
56,4
56,4
56,4
56,4
56,4
56,4
56,4
56,4
56,4
56,4
56,4
56,4
56,4
56,4
56,4
56,4
56,4
56,4
56,4
56,4
56,4
56,4
56,4
56,4
56,4
56,4
56,4
56,4
56,4
56,4
56,3
56,3
56,3
56,3
56,3
56,3
56,3
56,3
56,3
56,3
56,3
56,3
56,3
56,3
56,3
56,3
56,3
56,3
56,3
56,3
56,3
56,3
56,3
56,3
56,3
56,3
56,3
56,3
56,3
56,3
56,3
56,3
56,3
56,3
56,3
56,3
56,3
56,3
56,3
56,3
56,3
56,3
56,3
56,3
56,3
56,3
56,3
56,3
56,3
56,3
56,3
56,3
56,3
56,3
56,3
56,3
56,3
56,3
56,3
56,3
56,3
56,3
56,3
56,3
56,3
56,3
56,3
56,3
56,3
56,3
56,3
56,3
56,3
56,3
56,3
56,3
56,3
56,3
56,3
56,3
56,3
56,3
56,3
56,3
56,3
56,3
56,3
56,3
56,3
56,3
56,3
56,3
56,3
56,3
56,3
56,3
56,3
56,3
56,3
56,3
56,3
56,3
56,3
56,3
56,3
56,3
56,3
56,3
56,3
56,3
56,3
56,3
56,3
56,2
56,2
56,2
56,2
56,2
56,2
56,2
56,2
56,2
56,2
56,2
56,2
56,2
56,2
56,2
56,2
56,2
56,2
56,2
56,2
56,2
56,2
56,2
56,2
56,2
56,2
56,2
56,2
56,2
56,2
56,2
56,2
56,2
56,2
56,2
56,2
56,2
56,2
56,2
56,2
56,2
56,2
56,2
56,2
56,2
56,2
56,2
56,2
56,2
56,2
56,2
56,2
56,2
56,2
56,2
56,2
56,2
56,2
56,2
56,2
56,2
56,2
56,2
56,2
56,2
56,2
56,2
56,2
56,2
56,2
56,2
56,2
56,2
56,2
56,2
56,2
56,2
56,2
56,2
56,2
56,2
56,2
56,2
56,2
56,2
56,2
56,2
56,2
56,2
56,2
56,2
56,2
56,2
56,2
56,2
56,2
56,2
56,2
56,2
56,2
56,2
56,2
56,2
56,2
56,2
56,2
56,2
56,2
56,2
56,2
56,2
56,2
56,2
56,2
56,2
56,2
56,2
56,2
56,2
56,2
56,2
56,2
56,2
56,2
56,2
56,2
56,2
56,2
56,2
56,2
56,2
56,2
56,2
56,2
56,2
56,2
56,2
56,2
56,2
56,2
56,2
56,2
56,2
56,2
56,2
56,2
56,2
56,2
56,2
56,2
56,2
56,2
56,2
56,2
56,2
56,2
56,2
56,2
56,2
56,2
56,2
56,2
56,2
56,2
56,2
56,2
56,2
56,2
56,2
56,2
56,2
56,2
56,2
56,2
56,2
56,2
56,2
56,1
56,1
56,1
56,1
56,1
56,1
56,1
56,1
56,1
56,1
56,1
56,1
56,1
56,1
56,1
56,1
56,1
56,1
56,1
56,1
56,1
56,1
56,1
56,1
56,1
56,1
56,1
56,1
56,1
56,1
56,1
56,1
56,1
56,1
56,1
56,1
56,1
56,1
56,1
56,1
56,1
56,1
56,1
56,1
56,1
56,1
56,1
56,1
56,1
56,1
56,1
56,1
56,1
56,1
56,1
56,1
56,1
56,1
56,1
56,1
56,1
56,1
56,1
56,1
56,1
56,1
56,1
56,1
56,1
56,1
56,1
56,1
56,1
56,1
56,1
56,1
56,1
56,1
56,1
56,1
56,1
56,1
56,1
56,1
56,1
56,1
56,1
56,1
56,1
56,1
56,1
56,1
56,1
56,1
56,1
56,1
56,1
56,1
56,1
56,1
56,1
56,1
56,1
56,1
56,1
56,1
56,1
56,1
56,1
56,1
56,1
56,1
56,1
56,1
56,1
56,1
56,1
56,1
56,1
56,1
56,1
56,1
56,1
56,1
56,1
56,1
56,1
56,1
56,1
56,1
56,1
56,1
56,1
56,1
56,1
56,1
56,1
56,1
56,1
56,1
56,1
56,1
56,1
56,1
56,1
56,1
56,1
56,1
56,1
56,1
56,1
56,1
56,1
56,1
56,1
56,1
56,1
56,1
56,1
56,1
56,1
56,1
56,1
56,1
56,1
56,1
56,1
56,1
56,1
56,1
56,1
56,1
56,1
56,1
56,1
56,1
56,1
56,1
56,1
56,1
56,1
56,1
56,1
56,1
56,1
56,1
56,1
56,1
56,1
56,1
56,1
56,1
56,1
56,1
56,1
56,1
56,1
56,1
56,1
56,1
56,1
56,1
56,1
56,1
56,1
56,1
56,1
56,1
56,1
56,1
56,1
56,1
56,1
56,1
56,1
56,1
56,1
56,1
56,1
56,1
56,1
56,1
56,1
56,1
56,1
56,1
56,1
56,1
56,1
56,1
56,1
56,1
56,1
56,1
56,1
56,1
56,1
56,1
56,1
56,1
56,1
56,1
56,1
56,1
56,1
56,1
56,1
56,1
56,1
56,1
56,1
56,1
56,1
56,1
56,1
56,1
56,1
56,0
56,0
56,0
56,0
56,0
56,0
56,0
56,0
56,0
56,0
56,0
56,0
56,0
56,0
56,0
56,0
56,0
56,0
56,0
56,0
56,0
56,0
56,0
56,0
56,0
56,0
56,0
56,0
56,0
56,0
56,0
56,0
56,0
56,0
56,0
56,0
56,0
56,0
56,0
56,0
56,0
56,0
56,0
56,0
56,0
56,0
56,0
56,0
56,0
56,0
56,0
56,0
56,0
56,0
56,0
56,0
56,0
56,0
56,0
56,0
56,0
56,0
56,0
56,0
56,0
56,0
56,0
56,0
56,0
56,0
56,0
56,0
56,0
56,0
56,0
56,0
56,0
56,0
56,0
56,0
56,0
56,0
56,0
56,0
56,0
56,0
56,0
56,0
56,0
56,0
56,0
56,0
56,0
56,0
56,0
56,0
56,0
56,0
56,0
56,0
56,0
56,0
56,0
56,0
56,0
56,0
56,0
56,0
56,0
56,0
56,0
56,0
56,0
56,0
56,0
56,0
56,0
56,0
56,0
56,0
56,0
56,0
56,0
56,0
56,0
56,0
56,0
56,0
56,0
56,0
56,0
56,0
56,0
56,0
56,0
56,0
56,0
56,0
56,0
56,0
56,0
56,0
56,0
56,0
56,0
56,0
56,0
56,0
56,0
56,0
56,0
56,0
56,0
56,0
56,0
56,0
56,0
56,0
56,0
56,0
56,0
56,0
56,0
56,0
56,0
56,0
56,0
56,0
56,0
56,0
56,0
56,0
56,0
56,0
56,0
56,0
56,0
56,0
56,0
56,0
56,0
56,0
56,0
56,0
56,0
56,0
56,0
56,0
56,0
56,0
56,0
56,0
56,0
56,0
56,0
56,0
56,0
56,0
56,0
56,0
56,0
56,0
56,0
56,0
56,0
56,0
56,0
56,0
56,0
56,0
56,0
56,0
56,0
56,0
56,0
56,0
56,0
56,0
56,0
56,0
56,0
56,0
56,0
56,0
56,0
56,0
56,0
56,0
56,0
56,0
56,0
56,0
56,0
56,0
56,0
56,0
56,0
56,0
56,0
56,0
56,0
56,0
56,0
56,0
56,0
56,0
56,0
56,0
56,0
56,0
56,0
56,0
56,0
56,0
56,0
56,0
56,0
56,0
56,0
56,0
56,0
56,0
56,0
56,0
56,0
56,0
56,0
56,0
56,0
56,0
56,0
56,0
56,0
56,0
56,0
56,0
56,0
56,0
56,0
56,0
56,0
56,0
56,0
56,0
56,0
56,0
56,0
56,0
56,0
56,0
56,0
56,0
56,0
56,0
56,0
56,0
56,0
56,0
56,0
56,0
56,0
56,0
56,0
56,0
56,0
56,0
56,0
56,0
56,0
56,0
56,0
56,0
56,0
56,0
56,0
56,0
56,0
56,0
56,0
56,0
56,0
56,0
56,0
56,0
56,0
56,0
56,0
56,0
56,0
56,0
56,0
56,0
56,0
56,0
56,0
56,0
56,0
56,0
56,0
56,0
56,0
56,0
56,0
56,0
56,0
56,0
56,0
56,0
56,0
56,0
56,0
56,0
56,0
56,0
56,0
56,0
56,0
56,0
56,0
56,0
56,0
56,0
56,0
56,0
56,0
56,0
56,0
56,0
56,0
56,0
56,0
56,0
56,0
56,0
56,0
56,0
56,0
56,0
56,0
56,0
56,0
56,0
56,0
56,0
56,0
56,0
56,0
56,0
56,0
56,0
56,0
56,0
56,0
56,0
56,0
56,0
56,0
56,0
56,0
56,0
56,0
56,0
56,0
56,0
56,0
56,0
56,0
56,0
56,0
56,0
56,0
56,0
56,0
56,0
56,0
56,0
56,0
56,0
56,0
56,0
56,0
56,0
56,0
56,0
56,0
56,0
56,0
56,0
56,0
56,0
56,0
56,0
56,0
56,0
56,0
56,0
56,0
56,0
56,0
56,0
56,0
56,0
56,0
56,0
56,0
56,0
56,0
56,0
56,0
56,0
56,0
56,0
56,0
56,0
56,0
56,0
56,0
56,0
56,0
56,0
56,0
56,0
56,0
56,0
56,0
56,0
56,0
56,0
56,0
56,0
56,0
56,0
56,0
56,0
56,0
56,0
56,0
56,0
56,0
56,0
56,0
56,0
56,0
56,0
56,0
56,0
56,0
56,0
56,0
56,0
56,0
56,0
56,0
56,0
56,0
56,0
56,0
56,0
56,0
56,0
56,0
56,0
56,0
56,0
56,0
56,0
56,0
56,0
56,0
56,0
56,0
56,0
56,0
56,0
56,0
56,0
56,0
56,0
56,0
56,0
56,0
56,0
56,0
56,0
56,0
56,0
56,0
56,0
56,0
56,0
56,0
56,0
56,0
56,0
56,0
56,0
56,0
56,0
56,0
56,0
56,0
56,0
56,0
56,0
56,0
56,0
56,0
56,0
56,0
56,0
56,0
56,0
56,0
56,0
56,0
56,0
56,0
56,0
56,0
56,0
56,0
56,0
56,0
56,0
56,0
56,0
56,0
56,0
56,0
56,0
56,0
56,0
56,0
56,0
56,0
56,0
56,0
56,0
56,0
56,0
56,0
56,0
56,0
56,0
56,0
56,0
56,0
56,0
56,0
56,0
56,0
56,0
56,0
56,0
56,0
56,0
56,0
56,0
56,0
56,0
56,0
56,0
56,0
56,0
56,0
56,0
56,0
56,0
56,0
56,0
56,0
56,0
56,0
56,0
56,0
56,0
56,0
56,0
56,0
56,0
56,0
56,0
56,0
56,0
56,0
56,0
56,0
56,0
56,0
56,0
56,0
56,0
56,0
56,0
56,0
56,0
56,0
56,0
56,0
56,0
56,0
56,0
56,0
56,0
56,0
56,0
56,0
56,0
56,0
56,0
56,0
56,0
56,0
56,0
56,0
56,0
56,0
56,0
56,0
56,0
56,0
56,0
56,0
56,0
56,0
56,0
56,0
56,0
56,0
56,0
56,0
56,0
56,0
56,0
56,0
56,0
56,0
56,0
56,0
56,0
56,0
56,0
56,0
56,0
56,0
56,0
56,0
56,0
56,0
56,0
56,0
56,0
56,0
56,0
56,0
56,0
56,0
56,0
56,0
56,0
56,0
56,0
56,0
56,0
56,0
56,0
56,0
56,0
56,0
56,0
56,0
56,0
56,0
56,0
56,0
56,0
56,0
56,0
56,0
56,0
56,0
56,0
56,0
56,0
56,0
56,0
56,0
56,0
56,0
56,0
56,0
56,0
56,0
56,0
56,0
56,0
56,0
56,0
56,0
56,0
56,0
56,0
56,0
56,0
56,0
56,0
56,0
56,0
56,0
56,0
56,0
56,0
56,0
56,0
56,0
56,0
56,0
56,0
56,0
56,0
56,0
56,0
56,0
56,0
56,0
56,0
56,0
56,0
56,0
56,0
56,0
56,0
56,0
56,0
56,0
56,0
56,0
56,0
56,0
56,0
56,0
56,0
56,0
56,0
56,0
56,0
56,0
56,0
56,0
56,0
56,0
56,0
56,0
56,0
56,0
56,0
56,0
56,0
56,0
56,0
56,0
56,0
56,0
56,0
56,0
56,0
56,0
56,0
56,0
56,0
56,0
56,0
56,0
56,0
56,0
56,0
56,0
56,0
56,0
56,0
56,0
56,0
56,0
56,0
56,0
56,0
56,0
56,0
56,0
56,0
56,0
56,0
56,0
56,0
56,0
56,0
56,0
56,0
56,0
56,0
56,0
56,0
56,0
56,0
56,0
56,0
56,0
56,0
56,0
56,0
56,0
56,0
56,0
56,0
56,0
56,0
56,0
56,0
56,0
56,0
56,0
56,0
56,0
56,0
56,0
56,0
56,0
56,0
56,0
56,0
56,0
56,0
56,0
56,0
56,0
56,0
56,0
56,0
56,0
56,0
56,0
56,0
56,0
56,0
56,0
56,0
56,0
56,0
56,0
56,0
56,0
56,0
56,0
56,0
56,0
56,0
56,0
56,0
56,0
56,0
56,0
56,0
56,0
56,0
56,0
56,0
56,0
56,0
56,0
56,0
56,0
56,0
56,0
56,0
56,0
56,0
56,0
56,0
56,0
56,0
56,0
56,0
56,0
56,0
56,0
56,0
56,0
56,0
56,0
56,0
56,0
56,0
56,0
56,0
56,0
56,0
56,0
56,0
56,0
56,0
56,0
56,0
56,0
56,0
56,0
56,0
56,0
56,0
56,0
56,0
56,0
56,0
56,0
56,0
56,0
56,0
56,0
56,0
56,0
56,0
56,0
56,0
56,0
56,0
56,0
56,0
56,0
56,0
56,0
56,0
56,0
56,0
56,0
56,0
56,0
56,0
56,0
56,0
56,0
56,0
56,0
56,0
56,0
56,0
56,0
56,0
56,0
56,0
56,0
56,0
56,0
56,0
56,0
56,0
56,0
56,0
56,0
56,0
56,0
56,0
56,0
56,0
56,0
56,0
56,0
56,0
56,0
56,0
56,0
56,0
56,0
56,0
56,0
56,0
56,0
56,0
56,0
56,0
56,0
56,0
56,0
56,0
56,0
56,0
56,0
56,0
56,0
56,0
56,0
56,0
56,0
56,0
56,0
56,0
56,0
56,0
56,0
56,0
56,0
56,0
56,0
56,0
56,0
56,0
56,0
56,0
56,0
56,0
56,0
56,0
56,0
56,0
56,0
56,0
56,0
56,0
56,0
56,0
56,0
56,0
56,0
56,0
56,0
56,0
56,0
56,0
56,0
56,0
56,0
56,0
56,0
56,0
56,0
56,0
56,0
56,0
56,0
56,0
56,0
56,0
56,0
56,0
56,0
56,0
56,0
56,0
56,0
56,0
56,0
56,0
56,0
56,0
56,0
56,0
56,0
56,0
56,0
56,0
56,0
56,0
56,0
56,0
56,0
56,0
56,0
56,0
56,0
56,0
56,0
56,0
56,0
56,0
56,0
56,0
56,0
56,0
56,0
56,0
56,0
56,0
56,0
56,0
56,0
56,0
56,0
56,0
56,0
56,0
56,0
56,0
56,0
56,0
56,0
56,0
56,0
56,0
56,0
56,0
56,0
56,0
56,0
56,0
56,0
56,0
56,0
56,0
56,0
56,0
56,0
56,0
56,0
56,0
56,0
56,0
56,0
56,0
56,0
56,0
56,0
56,0
56,0
56,0
56,0
56,0
56,0
56,0
56,0
56,0
56,0
56,0
56,0
56,0
56,0
56,0
56,0
56,0
56,0
56,0
56,0
56,0
56,0
56,0
56,0
56,0
56,0
56,0
56,0
56,0
56,0
56,0
56,0
56,0
56,0
56,0
56,0
56,0
56,0
56,0
56,0
56,0
56,0
56,0
56,0
56,0
56,0
56,0
56,0
56,0
56,0
56,0
56,0
56,0
56,0
56,0
56,0
56,0
56,0
56,0
56,0
56,0
56,0
56,0
56,0
56,0
56,0
56,0
56,0
56,0
56,0
56,0
56,0
56,0
56,0
56,0
56,0
56,0
56,0
56,0
56,0
56,0
56,0
56,0
56,0
56,0
56,0
56,0
56,0
56,0
56,0
56,0
56,0
56,0
56,0
56,0
56,0
56,0
56,0
56,0
56,0
56,0
56,0
56,0
56,0
56,0
56,0
56,0
56,0
56,0
56,0
56,0
56,0
56,0
56,0
56,0
56,0
56,0
56,0
56,0
56,0
56,0
56,0
56,0
56,0
56,0
56,0
56,0
56,0
56,0
56,0
56,0
56,0
56,0
56,0
56,0
56,0
56,0
56,0
56,0
56,0
56,0
56,0
56,0
56,0
56,0
56,0
56,0
56,0
56,0
56,0
56,0
56,0
56,0
56,0
56,0
56,0
56,0
56,0
56,0
56,0
56,0
56,0
56,0
56,0
56,0
56,0
56,0
56,0
56,0
56,0
56,0
56,0
56,0
56,0
56,0
56,0
56,0
56,0
56,0
56,0
56,0
56,0
56,0
56,0
56,0
56,0
56,0
56,0
56,0
56,0
56,0
56,0
56,0
56,0
56,0
56,0
56,0
56,0
56,0
56,0
56,0
56,0
56,0
56,0
56,0
56,0
56,0
56,0
56,0
56,0
56,0
56,0
56,0
56,0
56,0
56,0
56,0
56,0
56,0
56,0
56,0
56,0
56,0
56,0
56,0
56,0
56,0
56,0
56,0
56,0
56,0
56,0
56,0
56,0
56,0
56,0
56,0
56,0
56,0
56,0
56,0
56,0
56,0
56,0
56,0
56,0
56,0
56,0
56,0
56,0
56,0
56,0
56,0
56,0
56,0
56,0
56,0
56,0
56,0
56,0
56,0
56,0
56,0
56,0
56,0
56,0
56,0
56,0
56,0
56,0
56,0
56,0
56,0
56,0
56,0
56,0
56,0
56,0
56,0
56,0
56,0
56,0
56,0
56,0
56,0
56,0
56,0
56,0
56,0
56,0
56,0
56,0
56,0
56,0
56,0
56,0
56,0
56,0
56,0
56,0
56,0
56,0
56,0
56,0
56,0
56,0
56,0
56,0
56,0
56,0
56,0
56,0
56,0
56,0
56,0
56,0
56,0
56,0
56,0
56,0
56,0
56,0
56,0
56,0
56,0
56,0
56,0
56,0
56,0
56,0
56,0
56,0
56,0
56,0
56,0
56,0
56,0
56,0
56,0
56,0
56,0
56,0
56,0
56,0
56,0
56,0
56,0
56,0
56,0
56,0
56,0
56,0
56,0
56,0
56,0
56,0
56,0
56,0
56,0
56,0
56,0
56,0
56,0
56,0
56,0
56,0
56,0
56,0
56,0
56,0
56,0
56,0
56,0
56,0
56,0
56,0
56,0
56,0
56,0
56,0
56,0
56,0
56,0
56,0
56,0
56,0
56,0
56,0
56,0
56,0
56,0
56,0
56,0
56,0
56,0
56,0
56,0
56,0
56,0
56,0
56,0
56,0
56,0
56,0
56,0
56,0
56,0
56,0
56,0
56,0
56,0
56,0
56,0
56,0
56,0
56,0
56,0
56,0
56,0
56,0
56,0
56,0
56,0
56,0
56,0
56,0
56,0
56,0
56,0
56,0
56,0
56,0
56,0
56,0
56,0
56,0
56,0
56,0
56,0
56,0
56,0
56,0
56,0
56,0
56,0
56,0
56,0
56,0
56,0
56,0
56,0
56,0
56,0
56,0
56,0
56,0
56,0
56,0
56,0
56,0
56,0
56,0
56,0
56,0
56,0
56,0
56,0
56,0
56,0
56,0
56,0
56,0
56,0
56,0
56,0
56,0
56,0
56,0
56,0
56,0
56,0
56,0
56,0
56,0
56,0
56,0
56,0
56,0
56,0
56,0
56,0
56,0
56,0
56,0
56,0
56,0
56,0
56,0
56,0
56,0
56,0
56,0
56,0
56,0
56,0
56,0
56,0
56,0
56,0
56,0
56,0
56,0
56,0
56,0
56,0
56,0
56,0
56,0
56,0
56,0
56,0
56,0
56,0
56,0
56,0
56,0
56,0
56,0
56,0
56,0
56,0
56,0
56,0
56,0
56,0
56,0
56,0
56,0
56,0
56,0
56,0
56,0
56,0
56,0
56,0
56,0
56,0
56,0
56,0
56,0
56,0
56,0
56,0
56,0
56,0
56,0
56,0
56,0
56,0
56,0
56,0
56,0
56,0
56,0
56,0
56,0
56,0
56,0
56,0
56,0
56,0
56,0
56,0
56,0
56,0
56,0
56,0
56,0
56,0
56,0
56,0
56,0
56,0
56,0
56,0
56,0
56,0
56,0
56,0
56,0
56,0
56,0
56,0
56,0
56,0
56,0
56,0
56,0
56,0
56,0
56,0
56,0
56,0
56,0
57,102
57,86
57,63
57,53
57,43
57,42
57,42
57,41
57,39
57,37
57,34
57,33
57,32
57,30
57,29
57,29
57,26
57,26
57,18
57,15
57,14
57,14
57,14
57,13
57,12
57,12
57,11
57,10
57,8
57,8
57,6
57,6
57,4
57,4
57,4
57,2
57,2
57,2
57,1
57,1
57,1
57,1
57,1
57,1
57,0
57,0
57,0
57,0
57,0
57,0
57,0
57,0
57,0
57,0
57,0
57,0
57,0
57,0
57,0
57,0
57,0
57,0
57,0
57,0
57,0
57,0
57,0
57,0
57,0
58,4
58,2
58,2
58,1
58,1
58,0
58,0
58,0
59,1384
59,339
59,338
59,324
59,231
59,146
59,125
59,124
59,123
59,123
59,115
59,108
59,103
59,78
59,76
59,58
59,56
59,51
59,51
59,48
59,46
59,46
59,40
59,37
59,37
59,37
59,34
59,28
59,28
59,28
59,27
59,23
59,23
59,22
59,22
59,21
59,20
59,19
59,19
59,17
59,15
59,14
59,14
59,13
59,13
59,13
59,12
59,11
59,11
59,11
59,11
59,10
59,10
59,9
59,9
59,9
59,9
59,8
59,7
59,7
59,7
59,7
59,6
59,6
59,6
59,6
59,4
59,4
59,3
59,3
59,3
59,2
59,2
59,2
59,2
59,1
59,1
59,1
59,1
59,1
59,0
59,0
59,0
59,0
59,0
59,0
59,0
59,0
59,0
59,0
59,0
59,0
59,0
59,0
59,0
59,0
59,0
59,0
59,0
59,0
59,0
60,137
60,55
60,49
60,28
60,26
60,22
60,20
60,18
60,17
60,15
60,14
60,14
60,12
60,11
60,11
60,10
60,9
60,8
60,8
60,6
60,6
60,3
60,3
60,3
60,2
60,2
60,1
60,0
60,0
60,0
60,0
60,0
60,0
60,0
61,47
61,46
61,39
61,27
61,21
61,18
61,14
61,11
61,10
61,10
61,8
61,8
61,7
61,5
61,5
61,4
61,3
61,3
61,3
61,2
61,0
61,0
62,16
62,13
62,11
62,4
62,3
62,3
62,3
62,0
62,0
62,0
63,15
63,13
63,10
63,7
63,5
63,5
63,4
63,3
63,2
63,1
63,0
63,0
63,0
64,4981
64,4082
64,1681
64,763
64,737
64,453
64,282
64,280
64,278
64,262
64,242
64,205
64,198
64,198
64,197
64,191
64,181
64,160
64,152
64,151
64,146
64,141
64,136
64,133
64,129
64,129
64,125
64,124
64,121
64,119
64,117
64,114
64,113
64,107
64,106
64,104
64,103
64,103
64,103
64,101
64,101
64,99
64,99
64,96
64,96
64,92
64,91
64,91
64,82
64,82
64,82
64,79
64,78
64,77
64,75
64,74
64,73
64,69
64,68
64,68
64,66
64,66
64,64
64,62
64,61
64,61
64,60
64,59
64,59
64,59
64,56
64,56
64,55
64,54
64,53
64,52
64,51
64,51
64,49
64,49
64,49
64,48
64,48
64,46
64,46
64,45
64,45
64,45
64,44
64,43
64,42
64,42
64,41
64,41
64,40
64,40
64,39
64,39
64,39
64,38
64,36
64,36
64,36
64,36
64,36
64,35
64,35
64,35
64,34
64,34
64,34
64,33
64,33
64,33
64,33
64,33
64,33
64,33
64,32
64,32
64,32
64,32
64,32
64,31
64,31
64,31
64,31
64,30
64,30
64,29
64,29
64,29
64,28
64,28
64,28
64,28
64,28
64,28
64,27
64,27
64,26
64,26
64,26
64,26
64,26
64,26
64,25
64,25
64,25
64,25
64,24
64,24
64,24
64,24
64,24
64,24
64,23
64,23
64,23
64,23
64,23
64,23
64,23
64,22
64,22
64,21
64,21
64,20
64,20
64,20
64,19
64,19
64,19
64,18
64,18
64,17
64,17
64,17
64,17
64,17
64,17
64,17
64,17
64,17
64,17
64,16
64,15
64,15
64,15
64,15
64,14
64,14
64,14
64,13
64,13
64,13
64,13
64,13
64,13
64,13
64,13
64,13
64,12
64,12
64,12
64,12
64,12
64,12
64,12
64,12
64,12
64,12
64,12
64,11
64,11
64,11
64,10
64,10
64,10
64,10
64,10
64,10
64,10
64,10
64,10
64,10
64,10
64,10
64,10
64,10
64,9
64,9
64,9
64,9
64,9
64,9
64,9
64,8
64,8
64,8
64,8
64,8
64,8
64,8
64,8
64,8
64,8
64,8
64,8
64,8
64,8
64,8
64,8
64,8
64,8
64,7
64,7
64,7
64,7
64,7
64,7
64,7
64,7
64,7
64,7
64,7
64,7
64,7
64,7
64,7
64,6
64,6
64,6
64,6
64,6
64,6
64,6
64,6
64,6
64,6
64,6
64,5
64,5
64,5
64,5
64,5
64,5
64,5
64,5
64,5
64,5
64,4
64,4
64,4
64,4
64,4
64,4
64,4
64,4
64,4
64,4
64,4
64,3
64,3
64,3
64,3
64,3
64,3
64,3
64,3
64,3
64,3
64,3
64,3
64,3
64,2
64,2
64,2
64,2
64,2
64,2
64,2
64,2
64,2
64,2
64,2
64,2
64,2
64,2
64,2
64,2
64,2
64,1
64,1
64,1
64,1
64,1
64,1
64,1
64,1
64,1
64,1
64,1
64,1
64,1
64,1
64,1
64,1
64,1
64,1
64,1
64,1
64,1
64,1
64,1
64,1
64,1
64,1
64,1
64,1
64,1
64,1
64,1
64,1
64,1
64,1
64,0
64,0
64,0
64,0
64,0
64,0
64,0
64,0
64,0
64,0
64,0
64,0
64,0
64,0
64,0
64,0
64,0
64,0
64,0
64,0
64,0
64,0
64,0
64,0
64,0
64,0
64,0
64,0
64,0
64,0
64,0
64,0
64,0
64,0
64,0
64,0
64,0
64,0
64,0
64,0
64,0
64,0
64,0
64,0
64,0
64,0
64,0
64,0
64,0
64,0
64,0
64,0
64,0
64,0
64,0
64,0
64,0
64,0
64,0
64,0
64,0
64,0
64,0
64,0
64,0
64,0
64,0
64,0
64,0
64,0
64,0
64,0
64,0
64,0
64,0
64,0
64,0
64,0
64,0
64,0
64,0
64,0
64,0
64,0
64,0
64,0
64,0
64,0
64,0
64,0
64,0
64,0
64,0
64,0
64,0
64,0
64,0
64,0
64,0
64,0
64,0
64,0
64,0
64,0
64,0
64,0
64,0
64,0
64,0
64,0
64,0
64,0
64,0
64,0
64,0
64,0
64,0
64,0
64,0
64,0
64,0
64,0
64,0
64,0
64,0
64,0
64,0
64,0
64,0
64,0
64,0
64,0
64,0
64,0
64,0
64,0
64,0
64,0
64,0
64,0
64,0
64,0
64,0
64,0
64,0
64,0
64,0
64,0
64,0
64,0
64,0
64,0
64,0
64,0
64,0
64,0
64,0
64,0
64,0
64,0
64,0
64,0
64,0
64,0
64,0
64,0
64,0
64,0
64,0
64,0
64,0
64,0
64,0
64,0
64,0
64,0
64,0
64,0
64,0
64,0
64,0
64,0
64,0
64,0
64,0
64,0
64,0
65,49
65,35
65,29
65,18
65,16
65,14
65,11
65,9
65,9
65,8
65,8
65,8
65,8
65,7
65,7
65,6
65,5
65,5
65,5
65,4
65,3
65,2
65,2
65,1
65,1
65,1
65,1
65,0
65,0
65,0
65,0
65,0
65,0
65,0
65,0
66,208
66,155
66,116
66,99
66,94
66,92
66,87
66,84
66,74
66,70
66,61
66,56
66,52
66,48
66,47
66,46
66,43
66,38
66,37
66,37
66,36
66,34
66,33
66,30
66,30
66,29
66,28
66,27
66,23
66,23
66,22
66,21
66,20
66,19
66,18
66,17
66,17
66,16
66,15
66,14
66,12
66,12
66,11
66,11
66,8
66,7
66,6
66,6
66,6
66,6
66,5
66,5
66,4
66,4
66,4
66,4
66,4
66,2
66,2
66,2
66,2
66,1
66,1
66,1
66,0
66,0
66,0
66,0
66,0
66,0
66,0
66,0
66,0
66,0
66,0
66,0
66,0
66,0
66,0
66,0
66,0
66,0
66,0
66,0
66,0
66,0
66,0
66,0
66,0
66,0
67,57
67,41
67,41
67,37
67,31
67,30
67,19
67,19
67,13
67,12
67,10
67,10
67,8
67,8
67,6
67,5
67,4
67,4
67,4
67,4
67,3
67,2
67,2
67,2
67,1
67,1
67,0
67,0
67,0
67,0
67,0
67,0
68,588
68,328
68,279
68,279
68,273
68,219
68,143
68,131
68,109
68,94
68,84
68,74
68,68
68,66
68,64
68,56
68,55
68,52
68,52
68,47
68,44
68,39
68,34
68,34
68,34
68,33
68,32
68,31
68,27
68,26
68,26
68,19
68,17
68,13
68,12
68,12
68,9
68,9
68,9
68,9
68,7
68,7
68,6
68,6
68,6
68,6
68,5
68,5
68,5
68,4
68,3
68,3
68,3
68,2
68,2
68,2
68,2
68,1
68,1
68,1
68,1
68,1
68,1
68,0
68,0
68,0
68,0
68,0
68,0
68,0
68,0
68,0
68,0
68,0
68,0
68,0
68,0
68,0
68,0
68,0
68,0
68,0
68,0
68,0
68,0
68,0
68,0
68,0
68,0
68,0
68,0
68,0
68,0
68,0
68,0
69,7
69,5
69,1
69,1
69,0
69,0
69,0
69,0
69,0
69,0
70,29
70,25
70,25
70,25
70,22
70,19
70,15
70,14
70,13
70,13
70,13
70,12
70,12
70,10
70,8
70,7
70,7
70,7
70,6
70,6
70,5
70,5
70,4
70,4
70,3
70,3
70,2
70,2
70,2
70,2
70,1
70,1
70,1
70,1
70,1
70,1
70,1
70,1
70,1
70,1
70,1
70,1
70,1
70,1
70,0
70,0
70,0
70,0
70,0
70,0
70,0
70,0
70,0
70,0
70,0
70,0
70,0
71,536
71,302
71,283
71,259
71,238
71,228
71,177
71,168
71,155
71,136
71,129
71,128
71,125
71,125
71,119
71,117
71,95
71,92
71,90
71,84
71,80
71,80
71,80
71,79
71,75
71,74
71,72
71,70
71,67
71,66
71,66
71,66
71,63
71,62
71,61
71,60
71,59
71,58
71,58
71,57
71,56
71,55
71,51
71,51
71,50
71,50
71,49
71,48
71,47
71,45
71,45
71,45
71,45
71,44
71,44
71,39
71,38
71,38
71,37
71,36
71,36
71,36
71,34
71,33
71,32
71,31
71,31
71,31
71,30
71,29
71,29
71,29
71,28
71,26
71,26
71,26
71,26
71,25
71,25
71,25
71,25
71,24
71,24
71,24
71,24
71,23
71,23
71,22
71,22
71,22
71,22
71,22
71,22
71,21
71,21
71,20
71,20
71,20
71,20
71,20
71,19
71,19
71,19
71,19
71,19
71,18
71,18
71,17
71,17
71,17
71,17
71,17
71,17
71,16
71,16
71,15
71,15
71,15
71,15
71,14
71,14
71,14
71,14
71,14
71,14
71,13
71,13
71,13
71,13
71,13
71,13
71,13
71,13
71,13
71,12
71,12
71,12
71,11
71,11
71,11
71,11
71,10
71,10
71,10
71,10
71,10
71,10
71,10
71,10
71,10
71,10
71,10
71,10
71,9
71,9
71,9
71,9
71,9
71,9
71,9
71,9
71,9
71,9
71,9
71,9
71,9
71,9
71,9
71,8
71,8
71,8
71,8
71,8
71,8
71,8
71,8
71,8
71,8
71,7
71,7
71,7
71,7
71,7
71,7
71,7
71,7
71,7
71,7
71,7
71,7
71,7
71,7
71,7
71,7
71,7
71,6
71,6
71,6
71,6
71,6
71,6
71,6
71,6
71,6
71,5
71,5
71,5
71,5
71,5
71,5
71,5
71,5
71,5
71,5
71,5
71,5
71,5
71,5
71,5
71,5
71,5
71,5
71,5
71,5
71,5
71,5
71,4
71,4
71,4
71,4
71,4
71,4
71,4
71,4
71,4
71,4
71,4
71,4
71,4
71,4
71,4
71,4
71,4
71,4
71,4
71,4
71,4
71,4
71,4
71,3
71,3
71,3
71,3
71,3
71,3
71,3
71,3
71,3
71,3
71,3
71,3
71,3
71,3
71,3
71,3
71,3
71,3
71,3
71,3
71,3
71,3
71,3
71,3
71,3
71,3
71,3
71,3
71,3
71,3
71,2
71,2
71,2
71,2
71,2
71,2
71,2
71,2
71,2
71,2
71,2
71,2
71,2
71,2
71,2
71,2
71,2
71,2
71,2
71,2
71,2
71,2
71,2
71,2
71,2
71,2
71,2
71,2
71,2
71,2
71,2
71,2
71,2
71,2
71,1
71,1
71,1
71,1
71,1
71,1
71,1
71,1
71,1
71,1
71,1
71,1
71,1
71,1
71,1
71,1
71,1
71,1
71,1
71,1
71,1
71,1
71,1
71,1
71,1
71,1
71,1
71,1
71,1
71,1
71,1
71,1
71,1
71,1
71,1
71,1
71,1
71,1
71,1
71,1
71,1
71,1
71,1
71,1
71,1
71,1
71,1
71,1
71,1
71,0
71,0
71,0
71,0
71,0
71,0
71,0
71,0
71,0
71,0
71,0
71,0
71,0
71,0
71,0
71,0
71,0
71,0
71,0
71,0
71,0
71,0
71,0
71,0
71,0
71,0
71,0
71,0
71,0
71,0
71,0
71,0
71,0
71,0
71,0
71,0
71,0
71,0
71,0
71,0
71,0
71,0
71,0
71,0
71,0
71,0
71,0
71,0
71,0
71,0
71,0
71,0
71,0
71,0
71,0
71,0
71,0
71,0
71,0
71,0
71,0
71,0
71,0
71,0
71,0
71,0
71,0
71,0
71,0
71,0
71,0
71,0
71,0
71,0
71,0
71,0
71,0
71,0
71,0
71,0
71,0
71,0
71,0
71,0
71,0
71,0
71,0
71,0
71,0
71,0
71,0
71,0
71,0
71,0
71,0
71,0
71,0
71,0
71,0
71,0
71,0
71,0
71,0
71,0
71,0
71,0
71,0
71,0
71,0
71,0
71,0
71,0
71,0
71,0
71,0
71,0
71,0
71,0
71,0
71,0
71,0
71,0
71,0
71,0
71,0
71,0
71,0
71,0
71,0
71,0
71,0
71,0
71,0
71,0
71,0
71,0
71,0
71,0
71,0
71,0
71,0
71,0
71,0
71,0
71,0
71,0
71,0
71,0
71,0
71,0
71,0
71,0
71,0
71,0
71,0
71,0
71,0
71,0
71,0
71,0
71,0
71,0
71,0
71,0
71,0
71,0
71,0
71,0
71,0
71,0
71,0
71,0
71,0
71,0
71,0
71,0
71,0
71,0
71,0
71,0
71,0
71,0
71,0
71,0
71,0
71,0
71,0
71,0
71,0
71,0
71,0
71,0
71,0
71,0
71,0
71,0
71,0
71,0
71,0
71,0
71,0
71,0
71,0
71,0
71,0
71,0
71,0
71,0
71,0
71,0
71,0
71,0
71,0
71,0
71,0
71,0
71,0
71,0
71,0
71,0
71,0
71,0
71,0
71,0
71,0
71,0
71,0
71,0
71,0
71,0
71,0
71,0
71,0
71,0
71,0
71,0
71,0
71,0
71,0
71,0
71,0
71,0
71,0
71,0
71,0
71,0
71,0
71,0
71,0
71,0
71,0
71,0
71,0
71,0
71,0
71,0
71,0
71,0
71,0
71,0
71,0
71,0
71,0
71,0
71,0
71,0
71,0
71,0
71,0
71,0
71,0
71,0
71,0
71,0
71,0
71,0
71,0
71,0
71,0
71,0
71,0
71,0
71,0
71,0
71,0
71,0
71,0
71,0
71,0
71,0
71,0
71,0
71,0
71,0
71,0
71,0
71,0
71,0
71,0
71,0
71,0
71,0
71,0
71,0
71,0
71,0
71,0
71,0
71,0
71,0
71,0
71,0
71,0
71,0
71,0
71,0
71,0
71,0
71,0
71,0
71,0
71,0
71,0
71,0
71,0
71,0
71,0
71,0
71,0
71,0
72,204
72,114
72,78
72,66
72,49
72,48
72,46
72,40
72,30
72,22
72,19
72,19
72,17
72,16
72,11
72,10
72,10
72,10
72,9
72,9
72,8
72,8
72,6
72,6
72,6
72,5
72,4
72,3
72,3
72,3
72,3
72,3
72,3
72,2
72,1
72,1
72,1
72,1
72,0
72,0
72,0
73,20
73,9
73,8
73,7
73,1
73,0
73,0
74,43
74,32
74,13
74,10
74,9
74,7
74,6
74,5
74,5
74,5
74,4
74,4
74,4
74,3
74,3
74,2
74,2
74,2
74,1
74,1
74,1
74,1
74,1
74,0
74,0
74,0
74,0
74,0
75,41
75,23
75,19
75,18
75,17
75,16
75,15
75,13
75,10
75,8
75,5
75,5
75,3
75,2
75,2
75,1
75,1
75,0
75,0
76,30
76,15
76,12
76,8
76,4
76,4
76,3
77,152
77,43
77,37
77,28
77,13
77,13
77,13
77,13
77,11
77,10
77,9
77,9
77,6
77,4
77,4
77,3
77,3
77,2
77,2
77,2
77,1
77,0
77,0
77,0
77,0
77,0
77,0
77,0
77,0
78,471
78,286
78,154
78,133
78,127
78,86
78,72
78,71
78,66
78,65
78,57
78,56
78,56
78,55
78,54
78,53
78,52
78,52
78,51
78,51
78,49
78,46
78,44
78,44
78,44
78,38
78,36
78,32
78,28
78,27
78,26
78,25
78,23
78,23
78,23
78,21
78,20
78,19
78,19
78,18
78,18
78,18
78,16
78,16
78,16
78,15
78,14
78,12
78,11
78,11
78,11
78,10
78,10
78,9
78,9
78,9
78,8
78,8
78,8
78,7
78,7
78,7
78,7
78,7
78,7
78,7
78,7
78,5
78,5
78,5
78,5
78,4
78,4
78,3
78,3
78,3
78,3
78,2
78,2
78,2
78,1
78,1
78,1
78,1
78,1
78,1
78,1
78,0
78,0
78,0
78,0
78,0
78,0
78,0
78,0
78,0
78,0
78,0
78,0
78,0
78,0
78,0
78,0
78,0
78,0
78,0
78,0
78,0
78,0
78,0
78,0
78,0
78,0
78,0
78,0
78,0
78,0
78,0
78,0
78,0
78,0
78,0
78,0
78,0
78,0
78,0
78,0
78,0
78,0
78,0
78,0
78,0
78,0
78,0
78,0
78,0
78,0
78,0
79,33
79,30
79,11
79,9
79,8
79,8
79,7
79,7
79,3
79,3
79,1
79,1
79,1
79,1
79,1
79,0
79,0
80,280
80,125
80,64
80,50
80,34
80,32
80,31
80,29
80,28
80,27
80,24
80,23
80,22
80,19
80,19
80,16
80,13
80,13
80,12
80,11
80,11
80,11
80,9
80,7
80,7
80,6
80,5
80,4
80,4
80,4
80,2
80,2
80,2
80,1
80,1
80,1
80,0
80,0
80,0
80,0
80,0
80,0
80,0
80,0
80,0
80,0
80,0
80,0
81,176
81,161
81,92
81,89
81,87
81,64
81,63
81,58
81,50
81,46
81,44
81,37
81,34
81,34
81,34
81,33
81,32
81,31
81,27
81,27
81,25
81,25
81,24
81,24
81,23
81,23
81,22
81,22
81,21
81,21
81,20
81,19
81,19
81,18
81,18
81,18
81,17
81,16
81,16
81,15
81,15
81,15
81,14
81,14
81,14
81,14
81,14
81,13
81,13
81,13
81,13
81,12
81,12
81,12
81,12
81,11
81,11
81,11
81,11
81,11
81,11
81,11
81,11
81,11
81,10
81,10
81,10
81,10
81,9
81,9
81,9
81,9
81,9
81,8
81,8
81,8
81,8
81,7
81,7
81,7
81,6
81,6
81,6
81,6
81,6
81,6
81,6
81,6
81,6
81,5
81,5
81,5
81,5
81,5
81,5
81,5
81,5
81,4
81,4
81,4
81,4
81,4
81,4
81,4
81,4
81,4
81,4
81,3
81,3
81,3
81,3
81,3
81,3
81,3
81,3
81,3
81,3
81,3
81,3
81,3
81,3
81,3
81,3
81,3
81,2
81,2
81,2
81,2
81,2
81,2
81,2
81,2
81,2
81,2
81,2
81,2
81,2
81,2
81,2
81,2
81,2
81,2
81,2
81,1
81,1
81,1
81,1
81,1
81,1
81,1
81,1
81,1
81,1
81,1
81,1
81,1
81,1
81,1
81,1
81,1
81,1
81,1
81,1
81,1
81,1
81,1
81,1
81,1
81,0
81,0
81,0
81,0
81,0
81,0
81,0
81,0
81,0
81,0
81,0
81,0
81,0
81,0
81,0
81,0
81,0
81,0
81,0
81,0
81,0
81,0
81,0
81,0
81,0
81,0
81,0
81,0
81,0
81,0
81,0
81,0
81,0
81,0
81,0
81,0
81,0
81,0
81,0
81,0
81,0
81,0
81,0
81,0
81,0
81,0
81,0
81,0
81,0
81,0
81,0
82,111
82,62
82,57
82,57
82,37
82,30
82,25
82,18
82,18
82,17
82,15
82,15
82,14
82,13
82,13
82,11
82,6
82,5
82,5
82,4
82,3
82,2
82,2
82,1
82,1
82,0
82,0
82,0
82,0
82,0
83,17
83,3
83,3
83,0
83,0
83,0
84,305
84,111
84,107
84,75
84,70
84,67
84,60
84,47
84,42
84,40
84,38
84,38
84,37
84,35
84,34
84,34
84,33
84,33
84,30
84,28
84,28
84,22
84,19
84,19
84,19
84,18
84,17
84,16
84,15
84,15
84,15
84,14
84,13
84,8
84,7
84,7
84,7
84,7
84,6
84,5
84,5
84,3
84,2
84,2
84,2
84,1
84,1
84,1
84,1
84,0
84,0
84,0
84,0
84,0
84,0
84,0
84,0
84,0
84,0
84,0
84,0
84,0
84,0
84,0
84,0
84,0
84,0
84,0
84,0
84,0
84,0
84,0
84,0
84,0
84,0
84,0
84,0
84,0
84,0
84,0
84,0
84,0
84,0
84,0
84,0
84,0
84,0
84,0
84,0
84,0
85,337
85,245
85,189
85,160
85,157
85,142
85,116
85,103
85,98
85,94
85,89
85,86
85,84
85,82
85,78
85,75
85,70
85,69
85,65
85,59
85,59
85,59
85,53
85,52
85,48
85,46
85,45
85,43
85,42
85,42
85,41
85,37
85,37
85,35
85,34
85,34
85,34
85,33
85,31
85,31
85,31
85,30
85,29
85,29
85,25
85,25
85,24
85,24
85,23
85,23
85,23
85,21
85,21
85,20
85,20
85,20
85,19
85,18
85,18
85,18
85,18
85,17
85,16
85,16
85,16
85,16
85,16
85,15
85,15
85,14
85,14
85,14
85,14
85,14
85,13
85,13
85,13
85,12
85,12
85,12
85,12
85,11
85,11
85,11
85,11
85,11
85,10
85,10
85,10
85,9
85,9
85,9
85,8
85,8
85,8
85,8
85,7
85,6
85,6
85,6
85,6
85,6
85,5
85,5
85,5
85,5
85,5
85,4
85,4
85,4
85,3
85,3
85,3
85,3
85,3
85,3
85,3
85,3
85,2
85,2
85,2
85,2
85,2
85,2
85,2
85,1
85,1
85,1
85,1
85,1
85,1
85,0
85,0
85,0
85,0
85,0
85,0
85,0
85,0
85,0
85,0
85,0
85,0
85,0
85,0
85,0
85,0
85,0
85,0
85,0
85,0
85,0
85,0
85,0
85,0
85,0
85,0
85,0
85,0
85,0
85,0
85,0
85,0
85,0
85,0
85,0
85,0
85,0
85,0
85,0
85,0
85,0
85,0
85,0
85,0
85,0
85,0
86,37
86,33
86,31
86,30
86,29
86,27
86,23
86,22
86,18
86,12
86,9
86,7
86,7
86,6
86,5
86,5
86,5
86,3
86,2
86,1
86,1
86,0
86,0
86,0
86,0
86,0
87,6
87,4
87,3
87,3
87,3
87,2
87,2
87,1
87,1
87,0
88,1360
88,1305
88,374
88,347
88,324
88,255
88,197
88,184
88,183
88,167
88,165
88,162
88,161
88,142
88,135
88,122
88,115
88,114
88,107
88,86
88,79
88,74
88,72
88,70
88,70
88,68
88,67
88,67
88,66
88,65
88,61
88,53
88,50
88,49
88,48
88,46
88,46
88,46
88,42
88,42
88,40
88,39
88,39
88,38
88,37
88,37
88,36
88,35
88,34
88,33
88,32
88,31
88,30
88,30
88,27
88,26
88,26
88,26
88,26
88,26
88,25
88,25
88,24
88,24
88,24
88,23
88,23
88,22
88,21
88,21
88,21
88,20
88,19
88,19
88,19
88,19
88,18
88,18
88,17
88,17
88,17
88,17
88,16
88,16
88,16
88,16
88,16
88,16
88,16
88,15
88,15
88,15
88,15
88,15
88,14
88,13
88,13
88,13
88,13
88,13
88,13
88,13
88,12
88,12
88,12
88,11
88,11
88,11
88,11
88,10
88,10
88,10
88,10
88,9
88,9
88,8
88,8
88,8
88,8
88,8
88,8
88,7
88,7
88,7
88,7
88,7
88,7
88,7
88,7
88,6
88,6
88,6
88,6
88,6
88,6
88,5
88,5
88,5
88,5
88,5
88,5
88,5
88,5
88,5
88,4
88,4
88,4
88,4
88,4
88,4
88,4
88,4
88,3
88,3
88,3
88,3
88,3
88,3
88,3
88,3
88,2
88,2
88,2
88,1
88,1
88,1
88,1
88,1
88,1
88,1
88,1
88,1
88,1
88,1
88,1
88,1
88,1
88,1
88,0
88,0
88,0
88,0
88,0
88,0
88,0
88,0
88,0
88,0
88,0
88,0
88,0
88,0
88,0
88,0
88,0
88,0
88,0
88,0
88,0
88,0
88,0
88,0
88,0
88,0
88,0
88,0
88,0
88,0
88,0
88,0
88,0
88,0
88,0
88,0
88,0
88,0
88,0
88,0
88,0
88,0
88,0
88,0
88,0
88,0
88,0
88,0
88,0
88,0
88,0
88,0
88,0
88,0
88,0
88,0
88,0
88,0
88,0
88,0
88,0
88,0
88,0
88,0
88,0
89,67
89,61
89,60
89,50
89,31
89,31
89,30
89,29
89,28
89,25
89,23
89,22
89,21
89,20
89,19
89,16
89,13
89,7
89,5
89,5
89,5
89,2
89,2
89,1
89,1
89,1
89,0
89,0
89,0
89,0
89,0
89,0
89,0
90,71
90,52
90,49
90,46
90,43
90,39
90,37
90,37
90,36
90,31
90,29
90,27
90,27
90,26
90,25
90,25
90,24
90,23
90,22
90,21
90,21
90,21
90,17
90,17
90,16
90,15
90,14
90,14
90,12
90,12
90,11
90,11
90,11
90,11
90,11
90,8
90,8
90,7
90,7
90,7
90,7
90,6
90,6
90,5
90,5
90,4
90,4
90,3
90,3
90,2
90,2
90,2
90,1
90,1
90,0
90,0
90,0
90,0
90,0
90,0
90,0
91,18
91,8
91,5
91,5
91,4
91,2
91,1
91,1
91,0
91,0
91,0
91,0
92,55
92,51
92,26
92,21
92,17
92,16
92,16
92,12
92,11
92,11
92,11
92,8
92,8
92,7
92,6
92,5
92,4
92,4
92,4
92,4
92,3
92,3
92,3
92,3
92,2
92,2
92,1
92,1
92,1
92,1
92,1
92,0
92,0
92,0
92,0
92,0
92,0
92,0
92,0
92,0
92,0
92,0
92,0
93,108
93,68
93,68
93,62
93,41
93,38
93,38
93,37
93,32
93,31
93,24
93,20
93,13
93,13
93,13
93,12
93,11
93,10
93,9
93,9
93,9
93,8
93,8
93,8
93,8
93,8
93,8
93,7
93,7
93,7
93,7
93,6
93,5
93,5
93,4
93,4
93,4
93,4
93,4
93,3
93,3
93,3
93,2
93,2
93,2
93,2
93,2
93,2
93,2
93,2
93,2
93,1
93,1
93,1
93,1
93,1
93,1
93,0
93,0
93,0
93,0
93,0
93,0
93,0
93,0
93,0
93,0
93,0
93,0
93,0
93,0
93,0
93,0
93,0
93,0
93,0
94,11
94,5
94,5
94,4
94,0
94,0
95,27
95,27
95,19
95,17
95,16
95,15
95,12
95,10
95,8
95,7
95,7
95,5
95,5
95,5
95,4
95,3
95,3
95,3
95,3
95,2
95,2
95,2
95,2
95,2
95,0
95,0
95,0
95,0
95,0
95,0
95,0
95,0
96,142
96,142
96,107
96,62
96,58
96,50
96,44
96,34
96,28
96,27
96,26
96,26
96,26
96,24
96,23
96,21
96,21
96,18
96,17
96,16
96,16
96,13
96,12
96,12
96,10
96,9
96,8
96,7
96,7
96,6
96,5
96,5
96,4
96,3
96,3
96,3
96,1
96,1
96,1
96,0
97,47
97,44
97,44
97,39
97,32
97,26
97,23
97,19
97,17
97,16
97,15
97,15
97,12
97,11
97,11
97,11
97,11
97,10
97,9
97,9
97,9
97,7
97,7
97,7
97,6
97,5
97,5
97,4
97,4
97,4
97,4
97,3
97,3
97,3
97,3
97,3
97,3
97,3
97,2
97,2
97,2
97,2
97,2
97,2
97,1
97,1
97,1
97,1
97,1
97,1
97,1
97,1
97,1
97,1
97,0
97,0
97,0
97,0
97,0
97,0
97,0
97,0
97,0
97,0
97,0
97,0
97,0
97,0
97,0
97,0
97,0
97,0
97,0
97,0
97,0
97,0
98,101
98,48
98,44
98,42
98,41
98,34
98,31
98,31
98,28
98,27
98,24
98,23
98,20
98,17
98,17
98,16
98,16
98,15
98,15
98,14
98,14
98,14
98,14
98,14
98,13
98,13
98,13
98,12
98,12
98,11
98,10
98,8
98,8
98,7
98,7
98,7
98,7
98,7
98,7
98,6
98,6
98,6
98,5
98,4
98,4
98,4
98,2
98,2
98,2
98,2
98,2
98,2
98,1
98,1
98,1
98,1
98,1
98,1
98,1
98,1
98,0
98,0
98,0
98,0
98,0
98,0
98,0
98,0
98,0
98,0
98,0
98,0
98,0
98,0
98,0
98,0
98,0
98,0
98,0
98,0
98,0
98,0
98,0
98,0
98,0
98,0
98,0
98,0
98,0
98,0
98,0
98,0
98,0
98,0
98,0
98,0
98,0
98,0
98,0
98,0
98,0
98,0
98,0
98,0
98,0
98,0
98,0
98,0
98,0
98,0
98,0
98,0
98,0
98,0
98,0
98,0
98,0
98,0
98,0
98,0
98,0
98,0
98,0
98,0
99,89
99,49
99,43
99,43
99,40
99,40
99,39
99,35
99,34
99,22
99,20
99,18
99,18
99,17
99,16
99,16
99,13
99,12
99,12
99,12
99,11
99,11
99,11
99,10
99,10
99,10
99,9
99,8
99,7
99,7
99,6
99,5
99,4
99,4
99,2
99,2
99,2
99,1
99,1
99,1
99,1
99,1
99,1
99,1
99,1
99,1
99,0
99,0
99,0
99,0
99,0
99,0
99,0
99,0
99,0
99,0
99,0
99,0
99,0
100,57
100,54
100,44
100,44
100,39
100,37
100,37
100,26
100,24
100,23
100,20
100,19
100,18
100,17
100,17
100,15
100,13
100,13
100,13
100,12
100,12
100,11
100,8
100,6
100,6
100,5
100,5
100,5
100,4
100,4
100,2
100,2
100,2
100,1
100,1
100,1
100,0
100,0
100,0
101,496
101,128
101,102
101,86
101,53
101,50
101,48
101,35
101,31
101,30
101,25
101,21
101,21
101,19
101,16
101,16
101,15
101,14
101,14
101,13
101,13
101,12
101,12
101,11
101,11
101,11
101,10
101,10
101,9
101,9
101,9
101,8
101,8
101,8
101,8
101,7
101,7
101,7
101,6
101,6
101,6
101,6
101,6
101,5
101,5
101,5
101,4
101,4
101,4
101,4
101,4
101,4
101,4
101,4
101,3
101,3
101,2
101,2
101,2
101,2
101,2
101,2
101,2
101,1
101,1
101,1
101,1
101,1
101,1
101,1
101,1
101,0
101,0
101,0
101,0
101,0
101,0
101,0
101,0
101,0
101,0
101,0
101,0
101,0
101,0
101,0
101,0
101,0
101,0
101,0
101,0
101,0
101,0
101,0
101,0
101,0
101,0
101,0
101,0
101,0
101,0
101,0
101,0
101,0
101,0
101,0
101,0
101,0
101,0
101,0
101,0
101,0
101,0
101,0
101,0
101,0
101,0
101,0
101,0
101,0
101,0
101,0
101,0
101,0
101,0
101,0
101,0
101,0
101,0
101,0
101,0
101,0
101,0
101,0
101,0
101,0
101,0
101,0
101,0
102,1001
102,398
102,394
102,364
102,230
102,219
102,219
102,218
102,203
102,192
102,189
102,180
102,163
102,133
102,133
102,129
102,107
102,104
102,103
102,101
102,88
102,84
102,79
102,66
102,64
102,60
102,59
102,59
102,56
102,54
102,45
102,45
102,41
102,41
102,40
102,38
102,38
102,38
102,35
102,29
102,28
102,27
102,26
102,25
102,23
102,23
102,22
102,22
102,22
102,21
102,21
102,20
102,19
102,19
102,18
102,17
102,16
102,15
102,15
102,14
102,14
102,13
102,12
102,12
102,12
102,12
102,11
102,10
102,9
102,9
102,9
102,8
102,8
102,8
102,7
102,6
102,6
102,6
102,4
102,3
102,3
102,3
102,3
102,3
102,2
102,2
102,2
102,2
102,1
102,1
102,1
102,1
102,1
102,1
102,1
102,0
102,0
102,0
102,0
102,0
102,0
102,0
102,0
102,0
102,0
102,0
102,0
102,0
102,0
102,0
102,0
102,0
102,0
102,0
102,0
102,0
103,402
103,377
103,348
103,344
103,231
103,179
103,169
103,151
103,144
103,135
103,130
103,121
103,119
103,116
103,108
103,103
103,102
103,95
103,91
103,85
103,84
103,83
103,78
103,76
103,74
103,57
103,55
103,55
103,52
103,51
103,48
103,46
103,43
103,43
103,40
103,40
103,37
103,37
103,37
103,32
103,31
103,30
103,29
103,29
103,29
103,27
103,23
103,19
103,18
103,17
103,17
103,16
103,16
103,16
103,15
103,15
103,14
103,13
103,13
103,11
103,10
103,9
103,9
103,7
103,6
103,6
103,6
103,5
103,5
103,5
103,4
103,4
103,4
103,4
103,4
103,3
103,3
103,2
103,2
103,2
103,2
103,1
103,1
103,0
103,0
103,0
103,0
103,0
103,0
103,0
103,0
103,0
103,0
103,0
103,0
103,0
103,0
103,0
104,18
104,12
104,11
104,10
104,10
104,9
104,8
104,7
104,5
104,4
104,4
104,4
104,2
104,2
104,2
104,2
104,2
104,1
104,1
104,1
104,1
104,1
104,0
104,0
104,0
105,291
105,187
105,180
105,172
105,127
105,127
105,124
105,109
105,93
105,84
105,78
105,78
105,65
105,56
105,55
105,54
105,53
105,52
105,49
105,49
105,46
105,43
105,43
105,42
105,41
105,40
105,39
105,38
105,38
105,35
105,34
105,31
105,31
105,30
105,29
105,29
105,28
105,28
105,28
105,26
105,26
105,24
105,22
105,22
105,20
105,20
105,19
105,19
105,19
105,18
105,17
105,17
105,16
105,16
105,16
105,14
105,14
105,14
105,13
105,12
105,12
105,10
105,10
105,8
105,8
105,8
105,7
105,7
105,6
105,6
105,6
105,5
105,5
105,4
105,4
105,4
105,3
105,2
105,2
105,2
105,2
105,2
105,2
105,2
105,2
105,1
105,1
105,1
105,1
105,1
105,1
105,1
105,1
105,1
105,1
105,0
105,0
105,0
105,0
105,0
105,0
105,0
105,0
105,0
105,0
105,0
105,0
105,0
105,0
105,0
105,0
105,0
105,0
105,0
105,0
105,0
105,0
105,0
105,0
105,0
105,0
105,0
105,0
105,0
105,0
105,0
105,0
105,0
105,0
105,0
105,0
105,0
105,0
105,0
105,0
105,0
105,0
105,0
105,0
105,0
105,0
105,0
105,0
105,0
105,0
105,0
105,0
105,0
106,28
106,19
106,17
106,12
106,9
106,5
106,2
106,2
106,1
107,41
107,10
107,4
107,3
107,3
107,2
107,2
108,43
108,32
108,29
108,27
108,13
108,13
108,11
108,11
108,10
108,9
108,7
108,4
108,3
108,3
108,1
108,1
108,1
108,0
108,0
108,0
109,80
109,74
109,72
109,70
109,65
109,60
109,53
109,53
109,43
109,38
109,33
109,29
109,25
109,23
109,23
109,20
109,17
109,15
109,15
109,14
109,13
109,11
109,10
109,10
109,10
109,8
109,8
109,8
109,8
109,7
109,7
109,6
109,5
109,5
109,4
109,3
109,3
109,3
109,2
109,2
109,1
109,1
109,1
109,1
109,0
109,0
109,0
109,0
109,0
109,0
109,0
109,0
110,111
110,77
110,44
110,29
110,24
110,24
110,21
110,18
110,18
110,18
110,18
110,15
110,15
110,14
110,12
110,12
110,12
110,12
110,11
110,10
110,9
110,8
110,8
110,8
110,7
110,7
110,6
110,6
110,6
110,5
110,5
110,5
110,5
110,5
110,4
110,3
110,3
110,3
110,3
110,2
110,2
110,2
110,2
110,1
110,1
110,1
110,1
110,1
110,1
110,0
110,0
110,0
110,0
110,0
110,0
110,0
110,0
110,0
110,0
110,0
110,0
110,0
110,0
111,12
111,7
111,6
111,5
111,5
111,5
111,4
111,4
111,2
111,1
111,0
111,0
111,0
111,0
111,0
111,0
111,0
112,156
112,127
112,116
112,98
112,88
112,82
112,79
112,73
112,65
112,64
112,63
112,62
112,59
112,55
112,49
112,45
112,45
112,45
112,44
112,43
112,43
112,40
112,39
112,38
112,38
112,36
112,35
112,35
112,34
112,34
112,33
112,33
112,33
112,32
112,31
112,31
112,30
112,27
112,27
112,26
112,26
112,25
112,24
112,24
112,22
112,22
112,22
112,21
112,21
112,20
112,20
112,19
112,19
112,19
112,19
112,19
112,18
112,18
112,16
112,16
112,16
112,16
112,15
112,15
112,14
112,14
112,14
112,14
112,14
112,13
112,13
112,13
112,12
112,12
112,11
112,10
112,10
112,10
112,9
112,9
112,9
112,8
112,8
112,8
112,8
112,8
112,8
112,8
112,7
112,7
112,7
112,7
112,6
112,6
112,6
112,6
112,6
112,5
112,5
112,5
112,5
112,5
112,5
112,5
112,5
112,5
112,4
112,4
112,4
112,4
112,4
112,4
112,3
112,3
112,3
112,3
112,3
112,3
112,3
112,3
112,3
112,3
112,2
112,2
112,2
112,2
112,2
112,2
112,2
112,2
112,2
112,2
112,2
112,2
112,2
112,1
112,1
112,1
112,1
112,1
112,1
112,1
112,1
112,1
112,1
112,1
112,1
112,1
112,1
112,0
112,0
112,0
112,0
112,0
112,0
112,0
112,0
112,0
112,0
112,0
112,0
112,0
112,0
112,0
112,0
112,0
112,0
112,0
112,0
112,0
112,0
112,0
112,0
112,0
112,0
112,0
112,0
112,0
112,0
112,0
112,0
112,0
112,0
112,0
112,0
112,0
112,0
112,0
112,0
112,0
112,0
112,0
112,0
112,0
112,0
113,353
113,92
113,75
113,60
113,57
113,55
113,50
113,32
113,28
113,28
113,28
113,23
113,23
113,22
113,22
113,21
113,19
113,17
113,17
113,17
113,17
113,16
113,16
113,15
113,15
113,15
113,14
113,14
113,12
113,12
113,11
113,11
113,10
113,10
113,10
113,10
113,8
113,8
113,8
113,8
113,8
113,7
113,7
113,7
113,7
113,6
113,6
113,6
113,6
113,6
113,5
113,5
113,5
113,5
113,5
113,4
113,4
113,4
113,4
113,3
113,3
113,3
113,3
113,3
113,3
113,3
113,2
113,2
113,2
113,2
113,2
113,2
113,2
113,2
113,2
113,2
113,2
113,2
113,2
113,1
113,1
113,1
113,1
113,1
113,1
113,1
113,1
113,1
113,0
113,0
113,0
113,0
113,0
113,0
113,0
113,0
113,0
113,0
113,0
113,0
113,0
113,0
113,0
113,0
113,0
113,0
113,0
113,0
113,0
113,0
113,0
